,playerguid,framenumber,frametime_ms,posX,posY,posZ,health,sessionid,stateflags
0,Lori_Ross,5433,0,-122429.65625,-3137.96630859375,2432.728515625,0,2687592411372870805,2
1,Lori_Ross,5653,6890,-124511.3125,-3208.4296875,2434.1201171875,0,2687592411372870805,2
2,Jesus_Roberts,5664,344,-124727.515625,-2825.1875,2253.628173828125,0,2687592411372870805,4
3,Lori_Ross,5664,344,-124641.0546875,-3015.759521484375,2386.918701171875,0,2687592411372870805,0
4,Lori_Ross,5715,1597,-125007.2890625,-2196.545166015625,2423.564697265625,0,2687592411372870805,2
5,Lori_Ross,5764,1535,-124822.890625,-1523.8033447265625,2398.206298828125,0,2687592411372870805,2
6,Richard_Johnson,5775,345,-125062.359375,-1608.98046875,2253.628173828125,0,2687592411372870805,4
7,Lori_Ross,5775,345,-124827.3671875,-1470.9837646484375,2253.628173828125,0,2687592411372870805,0
8,Lori_Ross,5798,718,-125042.2578125,-1401.001708984375,2253.628173828125,0,2687592411372870805,2
9,Richard_Johnson,5811,406,-125062.359375,-1608.98046875,2253.628173828125,0,2687592411372870805,4
10,Lori_Ross,5811,406,-125115.25,-1418.3397216796875,2253.628173828125,0,2687592411372870805,0
11,Jesus_Roberts,5813,62,-125302.7109375,-1557.8057861328125,2253.628173828125,0,2687592411372870805,4
12,Lori_Ross,5903,2818,-125370.53125,-1170.572998046875,2253.628173828125,0,2687592411372870805,2
13,Jesus_Roberts,5905,62,-125766.078125,-2026.875732421875,2253.628173828125,0,2687592411372870805,4
14,Lori_Ross,5905,62,-125370.53125,-1170.572998046875,2253.628173828125,0,2687592411372870805,0
15,Lori_Ross,5963,1816,-125432.453125,-1476.7158203125,2253.628173828125,0,2687592411372870805,2
16,Lori_Ross,6037,2316,-124996.78125,-2270.4765625,2253.628173828125,0,2687592411372870805,2
17,Lori_Ross,6093,1752,-124795.9453125,-2039.182861328125,2253.628173828125,0,2687592411372870805,2
18,Lori_Ross,6158,2035,-124795.9453125,-2039.182861328125,2253.628173828125,0,2687592411372870805,2
19,Jesus_Roberts,6160,62,-125770.703125,-2021.1224365234375,2253.628173828125,0,2687592411372870805,4
20,Lori_Ross,6160,62,-124795.9453125,-2039.182861328125,2253.628173828125,0,2687592411372870805,0
21,Lori_Ross,6232,2255,-124795.9453125,-2039.182861328125,2253.628173828125,0,2687592411372870805,2
22,Michelle_Rogers,6284,1627,-124005.2890625,-2227.62353515625,2253.628173828125,0,2687592411372870805,2
23,Michelle_Rogers,6334,1565,-124188.234375,-2274.262939453125,2253.628173828125,0,2687592411372870805,2
24,Jesus_Roberts,6336,61,-125770.703125,-1940.72998046875,2253.628173828125,0,2687592411372870805,4
25,Michelle_Rogers,6336,61,-124185.0390625,-2261.766357421875,2253.628173828125,0,2687592411372870805,0
26,Lori_Ross,6336,61,-125496.8359375,-1961.55029296875,2253.628173828125,0,2687592411372870805,4
27,Lori_Ross,6378,1315,-125481.15625,-1798.2440185546875,2317.599853515625,0,2687592411372870805,2
28,Lori_Ross,6420,1315,-125445.5625,-1907.2630615234375,2369.078857421875,0,2687592411372870805,2
29,Jesus_Roberts,6431,344,-125770.359375,-1724.359375,2253.628173828125,0,2687592411372870805,4
30,Lori_Ross,6431,344,-125647.125,-1819.077880859375,2443.83056640625,0,2687592411372870805,0
31,Lori_Ross,6502,2223,-125295.296875,-1902.5435791015625,2381.03125,0,2687592411372870805,2
32,Jesus_Roberts,6513,344,-125770.515625,-1740.1962890625,2253.628173828125,0,2687592411372870805,4
33,Lori_Ross,6513,344,-125512.359375,-1879.51171875,2442.0654296875,0,2687592411372870805,0
34,Lori_Ross,6558,1409,-125374.4765625,-1451.060302734375,2437.133056640625,0,2687592411372870805,2
35,Michelle_Rogers,6577,596,-124185.984375,-1953.063232421875,2253.628173828125,0,2687592411372870805,2
36,Lori_Ross,6606,907,-125657.8359375,-1497.3084716796875,2440.319091796875,0,2687592411372870805,2
37,Jesus_Roberts,6620,438,-125760.8046875,-1724.479736328125,2253.628173828125,0,2687592411372870805,4
38,Lori_Ross,6620,438,-125653.609375,-1775.273681640625,2263.17529296875,0,2687592411372870805,0
39,Michelle_Rogers,6623,94,-124326.546875,-2217.087890625,2253.628173828125,0,2687592411372870805,2
40,Jesus_Roberts,6625,60,-125770.4609375,-1726.1199951171875,2349.8232421875,0,2687592411372870805,4
41,Michelle_Rogers,6625,60,-124326.2890625,-2216.32763671875,2253.628173828125,0,2687592411372870805,0
42,Lori_Ross,6625,60,-125660.8046875,-1839.722412109375,2253.628173828125,0,2687592411372870805,4
43,Lori_Ross,6655,939,-125749.4140625,-1812.110595703125,2253.628173828125,0,2687592411372870805,2
44,Michelle_Rogers,6673,564,-124337.2578125,-1935.4788818359375,2253.628173828125,0,2687592411372870805,2
45,Lori_Ross,6722,1533,-125510.96875,-2746.005126953125,2253.628173828125,0,2687592411372870805,2
46,Lori_Ross,6831,3425,-124799.1484375,-2477.95458984375,2253.628173828125,0,2687592411372870805,2
47,Lori_Ross,6853,688,-124948.1328125,-2686.862060546875,2253.628173828125,0,2687592411372870805,2
48,Michelle_Rogers,6900,1474,-124317.4375,-2062.9501953125,2253.628173828125,0,2687592411372870805,2
49,Richard_Johnson,6902,62,-125240.015625,-2047.9449462890625,2253.628173828125,0,2687592411372870805,4
50,Michelle_Rogers,6902,62,-124327.703125,-2069.32666015625,2253.628173828125,0,2687592411372870805,0
51,Lori_Ross,6914,376,-124561.09375,-2714.62890625,2272.465576171875,0,2687592411372870805,2
52,Michelle_Rogers,6952,1187,-124474.2578125,-1939.913330078125,2253.628173828125,0,2687592411372870805,2
53,Jesus_Roberts,6954,62,-125766.5703125,-1724.5277099609375,2253.628173828125,0,2687592411372870805,4
54,Michelle_Rogers,6954,62,-124487.234375,-1940.6116943359375,2253.628173828125,0,2687592411372870805,0
55,Lori_Ross,6983,975,-124666.9296875,-3143.47900390625,2253.628173828125,0,2687592411372870805,2
56,Lori_Ross,7037,1688,-124580.0625,-2658.851806640625,2437.748779296875,0,2687592411372870805,2
57,Lori_Ross,7105,2130,-123767.359375,-2431.44873046875,2253.628173828125,0,2687592411372870805,2
58,Lori_Ross,7149,1376,-123037.796875,-2621.593994140625,2431.224609375,0,2687592411372870805,2
59,Michelle_Rogers,7159,313,-122750.71875,-2701.224853515625,2253.628173828125,0,2687592411372870805,4
60,Lori_Ross,7159,313,-122832.515625,-2706.444580078125,2253.628173828125,0,2687592411372870805,0
61,Lori_Ross,7227,2128,-122090.96875,-3080.991455078125,2253.628173828125,0,2687592411372870805,2
62,Michelle_Rogers,7232,156,-121635.7421875,-2549.3662109375,2441.4033203125,0,2687592411372870805,2
63,Michelle_Rogers,7292,1879,-121796.328125,-2827.061767578125,2253.628173828125,0,2687592411372870805,2
64,Lori_Ross,7315,720,-121543.1640625,-3276.047607421875,2253.628173828125,0,2687592411372870805,2
65,Michelle_Rogers,7342,844,-121361.984375,-2973.96826171875,2422.872314453125,0,2687592411372870805,2
66,Lori_Ross,7356,439,-120909.5390625,-3263.561767578125,2411.718017578125,0,2687592411372870805,4
67,Michelle_Rogers,7356,439,-121137.5625,-3056.765869140625,2253.628173828125,0,2687592411372870805,0
68,Michelle_Rogers,7377,662,-120841.5,-3092.7001953125,2253.628173828125,0,2687592411372870805,2
69,Lori_Ross,7379,61,-120660.796875,-3297.521240234375,2253.628173828125,0,2687592411372870805,2
70,Lori_Ross,7390,345,-120688.4453125,-3102.0126953125,2253.628173828125,0,2687592411372870805,4
71,Michelle_Rogers,7390,345,-120764.75,-3240.61767578125,2253.628173828125,0,2687592411372870805,0
72,Michelle_Rogers,7443,1659,-120906.171875,-2743.73974609375,2253.628173828125,0,2687592411372870805,2
73,Lori_Ross,7445,61,-120563.9765625,-1407.5177001953125,2253.628173828125,0,2687592411372870805,4
74,Michelle_Rogers,7445,61,-120914.96875,-2728.150390625,2253.628173828125,0,2687592411372870805,0
75,Michelle_Rogers,7489,1378,-120806.375,-2403.284912109375,2253.628173828125,0,2687592411372870805,2
76,Michelle_Rogers,7535,1440,-120944.9140625,-2266.14990234375,2253.628173828125,0,2687592411372870805,2
77,Lori_Ross,7537,62,-121094.75,-1268.20703125,2253.628173828125,0,2687592411372870805,4
78,Michelle_Rogers,7537,62,-120945.9453125,-2266.29248046875,2253.628173828125,0,2687592411372870805,0
79,Michelle_Rogers,7582,1409,-120950.125,-2155.71728515625,2253.628173828125,0,2687592411372870805,2
80,Lori_Ross,7696,3569,-122464.6015625,-838.3621215820312,2253.628173828125,0,2687592411372870805,2
81,Michelle_Rogers,7702,187,-121979.9921875,-661.8963012695312,2253.628173828125,0,2687592411372870805,2
82,Lori_Ross,7745,1345,-122182.71875,-146.44764709472656,2329.57958984375,0,2687592411372870805,2
83,Michelle_Rogers,7749,125,-122135.5,-411.55194091796875,2311.640380859375,0,2687592411372870805,2
84,Michelle_Rogers,7760,344,-122154.078125,-233.1513214111328,2428.8818359375,0,2687592411372870805,4
85,Lori_Ross,7760,344,-122180.1328125,-263.6929016113281,2253.628173828125,0,2687592411372870805,0
86,Michelle_Rogers,7828,2129,-121759.265625,291.7846984863281,2253.628173828125,0,2687592411372870805,2
87,Lori_Ross,7828,2129,-122140.1328125,-458.31365966796875,2325.68310546875,0,2687592411372870805,4
88,Michelle_Rogers,7828,2129,-121759.265625,291.7846984863281,2253.628173828125,0,2687592411372870805,2
89,Michelle_Rogers,7863,1095,-121956.5546875,-68.23055267333984,2282.587646484375,0,2687592411372870805,2
90,Lori_Ross,7883,626,-122377.78125,-675.3182983398438,2253.628173828125,0,2687592411372870805,2
91,Michelle_Rogers,7883,626,-122220.0859375,-357.7057800292969,2429.2275390625,0,2687592411372870805,4
92,Lori_Ross,7883,626,-122377.78125,-675.3182983398438,2253.628173828125,0,2687592411372870805,2
93,Lori_Ross,7936,1660,-122533.828125,-578.58837890625,2419.07763671875,0,2687592411372870805,2
94,Michelle_Rogers,7944,248,-122333.9453125,-257.8820495605469,2253.628173828125,0,2687592411372870805,2
95,Lori_Ross,7957,407,-122189.8984375,-407.15966796875,2253.628173828125,0,2687592411372870805,4
96,Michelle_Rogers,7957,407,-122462.734375,-385.0933837890625,2253.628173828125,0,2687592411372870805,0
97,Michelle_Rogers,8014,1785,-121955.1328125,-298.3531188964844,2253.628173828125,0,2687592411372870805,2
98,Lori_Ross,8016,61,-120891.2734375,-209.50857543945312,2300.888671875,0,2687592411372870805,4
99,Michelle_Rogers,8016,61,-121955.234375,-283.6434631347656,2253.628173828125,0,2687592411372870805,0
100,Lori_Ross,8069,1660,-121245.6875,-369.2021484375,2381.033203125,0,2687592411372870805,2
101,Michelle_Rogers,8085,501,-121906.28125,-413.2230529785156,2253.628173828125,0,2687592411372870805,2
102,Michelle_Rogers,8091,187,-121959.1953125,-417.0495300292969,2253.628173828125,0,2687592411372870805,2
103,Lori_Ross,8103,375,-121865.7109375,-403.4034423828125,2253.628173828125,0,2687592411372870805,2
104,Lori_Ross,8105,62,-121881.5234375,-400.00921630859375,2253.628173828125,0,2687592411372870805,4
105,Michelle_Rogers,8105,62,-122116.84375,-441.5287780761719,2253.628173828125,0,2687592411372870805,0
106,Lori_Ross,8108,93,-121792.1796875,-382.1416015625,2301.986572265625,0,2687592411372870805,2
107,Michelle_Rogers,8157,1537,-122067.828125,-358.6761779785156,2253.628173828125,0,2687592411372870805,2
108,Lori_Ross,8159,61,-121024.7734375,-195.41334533691406,2402.99267578125,0,2687592411372870805,4
109,Michelle_Rogers,8159,61,-122079.6953125,-349.2078552246094,2253.628173828125,0,2687592411372870805,0
110,Lori_Ross,8161,62,-120985.28125,-191.056884765625,2422.046630859375,0,2687592411372870805,2
111,Michelle_Rogers,8230,2157,-121623.4453125,-232.06466674804688,2366.947021484375,0,2687592411372870805,2
112,Lori_Ross,8232,61,-121456.296875,-457.19952392578125,2381.061279296875,0,2687592411372870805,2
113,Lori_Ross,8266,1065,-121832.484375,-517.4446411132812,2253.628173828125,0,2687592411372870805,2
114,Michelle_Rogers,8268,62,-121762.4921875,-621.9152221679688,2253.628173828125,0,2687592411372870805,2
115,Michelle_Rogers,8279,345,-121862.1640625,-513.6236572265625,2253.628173828125,0,2687592411372870805,4
116,Lori_Ross,8279,345,-121688.078125,-587.385009765625,2253.628173828125,0,2687592411372870805,0
117,Lori_Ross,8346,2097,-121448.9609375,-366.007080078125,2253.628173828125,0,2687592411372870805,2
118,Michelle_Rogers,8348,61,-122301.5234375,-95.62879180908203,2259.67138671875,0,2687592411372870805,4
119,Lori_Ross,8348,61,-121448.9609375,-366.007080078125,2253.628173828125,0,2687592411372870805,0
120,Michelle_Rogers,8427,2473,-122090.8203125,-453.3468017578125,2423.465087890625,0,2687592411372870805,2
121,Lori_Ross,8456,908,-121926.2421875,41.846309661865234,2262.814453125,0,2687592411372870805,2
122,Michelle_Rogers,8467,344,-121873.046875,-242.54440307617188,2253.628173828125,0,2687592411372870805,4
123,Lori_Ross,8467,344,-121921.53125,-115.36653137207031,2253.628173828125,0,2687592411372870805,0
124,Michelle_Rogers,8495,876,-121623.5546875,-959.9288940429688,2562.964111328125,0,2687592411372870805,2
125,Lori_Ross,8510,469,-121513.734375,-649.435546875,2427.863037109375,0,2687592411372870805,2
126,Lori_Ross,8510,469,-121498.9609375,-662.9117431640625,2419.663818359375,0,2687592411372870805,6
127,Michelle_Rogers,8510,469,-121511.5859375,-869.8903198242188,2253.628173828125,0,2687592411372870805,0
128,Lori_Ross,8517,218,-121483.8046875,-475.4845275878906,2488.40283203125,0,2687592411372870805,2
129,Michelle_Rogers,8558,1284,-121241.125,-858.6627197265625,2253.628173828125,0,2687592411372870805,2
130,Lori_Ross,8558,1284,-121695.6171875,-230.94302368164062,2436.1591796875,0,2687592411372870805,4
131,Michelle_Rogers,8558,1284,-121242.65625,-864.1483154296875,2253.628173828125,0,2687592411372870805,2
132,Michelle_Rogers,8608,1565,-121219.328125,-637.7738037109375,2253.628173828125,0,2687592411372870805,2
133,Laura_Davis,8616,249,-121044.453125,-2584.154296875,2253.628173828125,0,2687592411372870805,2
134,Lori_Ross,8642,814,-121508.2890625,-450.9532470703125,2253.628173828125,0,2687592411372870805,2
135,Michelle_Rogers,8656,438,-121173.0234375,-805.2797241210938,2253.628173828125,0,2687592411372870805,4
136,Lori_Ross,8656,438,-121452.203125,-631.598876953125,2253.628173828125,0,2687592411372870805,0
137,Michelle_Rogers,8715,1848,-120509.1484375,-1613.348388671875,2253.628173828125,0,2687592411372870805,2
138,Lori_Ross,8715,1848,-120687.15625,-1260.3018798828125,2410.503173828125,0,2687592411372870805,4
139,Michelle_Rogers,8715,1848,-120509.65625,-1613.587158203125,2253.628173828125,0,2687592411372870805,2
140,Michelle_Rogers,8723,249,-120521.2734375,-1616.37158203125,2253.628173828125,0,2687592411372870805,2
141,Lori_Ross,8777,1690,-121076.421875,-713.56982421875,2253.628173828125,0,2687592411372870805,2
142,Lori_Ross,8812,1095,-121261.8046875,-420.6630859375,2440.477783203125,0,2687592411372870805,2
143,Laura_Davis,8852,1252,-120979.390625,-2790.10302734375,2253.628173828125,0,2687592411372870805,2
144,Lori_Ross,8913,1909,-121262.0,-1088.7698974609375,2402.64111328125,0,2687592411372870805,2
145,Michelle_Rogers,8924,344,-121142.9375,-1538.1112060546875,2253.628173828125,0,2687592411372870805,4
146,Lori_Ross,8924,344,-121224.796875,-1305.4833984375,2434.29345703125,0,2687592411372870805,0
147,Laura_Davis,8962,1190,-120991.625,-2439.521728515625,2253.628173828125,0,2687592411372870805,2
148,Lori_Ross,8964,62,-121011.734375,-1938.54345703125,2422.60693359375,0,2687592411372870805,2
149,Michelle_Rogers,8977,407,-120799.578125,-2918.265625,2253.628173828125,0,2687592411372870805,2
150,Lori_Ross,8998,656,-121103.5546875,-2481.37548828125,2253.628173828125,0,2687592411372870805,2
151,Michelle_Rogers,9011,406,-120897.9296875,-2620.417724609375,2310.951904296875,0,2687592411372870805,4
152,Lori_Ross,9011,406,-120992.84375,-2630.78564453125,2253.628173828125,0,2687592411372870805,0
153,Michelle_Rogers,9039,876,-120377.078125,-2472.275634765625,2453.483154296875,0,2687592411372870805,2
154,Lori_Ross,9056,532,-121095.8984375,-3058.705322265625,2437.466552734375,0,2687592411372870805,2
155,Laura_Davis,9067,344,-120936.7265625,-2775.625244140625,2253.628173828125,0,2687592411372870805,2
156,Lori_Ross,9103,1127,-120962.171875,-2795.167236328125,2253.628173828125,0,2687592411372870805,2
157,Laura_Davis,9117,438,-120727.0546875,-2388.309326171875,2253.628173828125,0,2687592411372870805,2
158,Laura_Davis,9117,438,-120705.6171875,-2356.048828125,2253.628173828125,0,2687592411372870805,6
159,Lori_Ross,9117,438,-120830.75,-2625.46142578125,2253.628173828125,0,2687592411372870805,0
160,Laura_Davis,9123,187,-120572.8046875,-2105.719482421875,2344.33544921875,0,2687592411372870805,2
161,Lori_Ross,9142,594,-120612.2578125,-2350.560791015625,2253.628173828125,0,2687592411372870805,2
162,Michelle_Rogers,9156,438,-120551.3671875,-2259.88623046875,2253.628173828125,0,2687592411372870805,4
163,Lori_Ross,9156,438,-120643.046875,-2293.41357421875,2253.628173828125,0,2687592411372870805,0
164,Lori_Ross,9224,2128,-120832.875,-1328.264404296875,2253.628173828125,0,2687592411372870805,2
165,Laura_Davis,9260,1127,-121294.8203125,-1343.653564453125,2253.628173828125,0,2687592411372870805,2
166,Lori_Ross,9272,375,-121420.046875,-1065.0048828125,2380.31103515625,0,2687592411372870805,2
167,Lori_Ross,9337,2035,-121220.7734375,-1840.177978515625,2253.628173828125,0,2687592411372870805,2
168,Lori_Ross,9384,1470,-121774.7578125,-2364.92529296875,2420.762451171875,0,2687592411372870805,2
169,Lori_Ross,9429,1409,-121201.9921875,-2773.180908203125,2253.628173828125,0,2687592411372870805,2
170,Michelle_Rogers,9455,814,-120581.8515625,-2434.167236328125,2253.628173828125,0,2687592411372870805,2
171,Lori_Ross,9455,814,-120833.890625,-2788.607421875,2253.628173828125,0,2687592411372870805,4
172,Michelle_Rogers,9455,814,-120581.09375,-2440.646240234375,2253.628173828125,0,2687592411372870805,2
173,Laura_Davis,9472,532,-120399.5546875,-2829.859619140625,2253.6279296875,0,2687592411372870805,2
174,Michelle_Rogers,9528,1753,-121330.0625,-2476.969970703125,2253.628173828125,0,2687592411372870805,2
175,Lori_Ross,9539,344,-121015.546875,-2649.330078125,2423.142822265625,0,2687592411372870805,2
176,Laura_Davis,9541,62,-121061.8671875,-2546.654296875,2253.6279296875,0,2687592411372870805,2
177,Michelle_Rogers,9552,344,-121220.7109375,-2324.68017578125,2253.628173828125,0,2687592411372870805,4
178,Lori_Ross,9552,344,-121070.703125,-2430.63134765625,2253.628173828125,0,2687592411372870805,0
179,Laura_Davis,9552,344,-121223.484375,-2629.517822265625,2253.6279296875,0,2687592411372870805,4
180,Laura_Davis,9562,313,-121582.5390625,-2985.855224609375,2404.248291015625,0,2687592411372870805,2
181,Lori_Ross,9606,1377,-121802.7734375,-2901.4794921875,2347.65673828125,0,2687592411372870805,2
182,Michelle_Rogers,9622,501,-122468.9921875,-1843.2335205078125,2253.628173828125,0,2687592411372870805,2
183,Lori_Ross,9703,2536,-122024.9609375,-2131.75390625,2404.162353515625,0,2687592411372870805,2
184,Michelle_Rogers,9714,344,-122418.8125,-2090.635009765625,2253.628173828125,0,2687592411372870805,4
185,Lori_Ross,9714,344,-122241.34375,-2073.018310546875,2253.628173828125,0,2687592411372870805,0
186,Lori_Ross,9776,1941,-122205.4375,-2311.841796875,2418.792724609375,0,2687592411372870805,2
187,Laura_Davis,9790,438,-121745.1640625,-2405.08447265625,2253.628173828125,0,2687592411372870805,4
188,Lori_Ross,9790,438,-121998.640625,-2297.01025390625,2253.628173828125,0,2687592411372870805,0
189,Lori_Ross,9858,2129,-121382.15625,-2706.678466796875,2369.930419921875,0,2687592411372870805,2
190,Lori_Ross,9915,1784,-120893.40625,-2963.37158203125,2269.69921875,0,2687592411372870805,2
191,Lori_Ross,9955,1252,-121188.7734375,-3399.920654296875,2253.628173828125,0,2687592411372870805,2
192,Michelle_Rogers,9959,126,-123093.984375,-1993.9329833984375,2273.8408203125,0,2687592411372870805,2
193,Lori_Ross,9996,1157,-121325.453125,-3520.17919921875,2253.628173828125,0,2687592411372870805,2
194,Laura_Davis,10009,407,-121167.4609375,-3595.331298828125,2253.6279296875,0,2687592411372870805,4
195,Lori_Ross,10009,407,-121282.5,-3727.452392578125,2253.628173828125,0,2687592411372870805,0
196,Michelle_Rogers,10011,62,-122662.3359375,-2191.1708984375,2253.628173828125,0,2687592411372870805,2
197,Laura_Davis,10013,62,-121114.9296875,-3533.498046875,2293.58984375,0,2687592411372870805,4
198,Michelle_Rogers,10013,62,-122642.0625,-2190.65869140625,2253.628173828125,0,2687592411372870805,0
199,Michelle_Rogers,10060,1471,-122290.6640625,-2344.852294921875,2253.628173828125,0,2687592411372870805,2
200,Laura_Davis,10062,61,-120887.75,-3322.732666015625,2253.628173828125,0,2687592411372870805,2
201,Lori_Ross,10062,61,-120909.6328125,-3229.37646484375,2425.915283203125,0,2687592411372870805,4
202,Michelle_Rogers,10062,61,-122283.4140625,-2344.157470703125,2253.628173828125,0,2687592411372870805,0
203,Lori_Ross,10102,1252,-120795.484375,-3125.048828125,2253.628173828125,0,2687592411372870805,2
204,Michelle_Rogers,10108,188,-121856.109375,-2334.2568359375,2253.628173828125,0,2687592411372870805,2
205,Laura_Davis,10110,62,-120724.296875,-3015.93701171875,2253.628173828125,0,2687592411372870805,4
206,Michelle_Rogers,10110,62,-121849.5390625,-2332.75830078125,2253.628173828125,0,2687592411372870805,0
207,Laura_Davis,10119,282,-120549.7734375,-3104.074462890625,2362.235595703125,0,2687592411372870805,2
208,Lori_Ross,10148,907,-121103.140625,-2395.2880859375,2402.724609375,0,2687592411372870805,2
209,Laura_Davis,10164,501,-120884.734375,-2769.871826171875,2253.628173828125,0,2687592411372870805,2
210,Lori_Ross,10185,657,-121063.8515625,-2030.2412109375,2338.89404296875,0,2687592411372870805,2
211,Laura_Davis,10201,500,-121130.5078125,-2298.846435546875,2253.628173828125,0,2687592411372870805,2
212,Michelle_Rogers,10209,250,-120588.7890625,-2065.81103515625,2253.628173828125,0,2687592411372870805,2
213,Laura_Davis,10235,814,-120901.3046875,-1804.981689453125,2253.628173828125,0,2687592411372870805,2
214,Lori_Ross,10248,406,-120905.796875,-1402.0592041015625,2253.628173828125,0,2687592411372870805,4
215,Laura_Davis,10248,406,-120800.796875,-1653.5540771484375,2253.628173828125,0,2687592411372870805,0
216,Michelle_Rogers,10270,688,-120598.609375,-2123.39794921875,2253.628173828125,0,2687592411372870805,2
217,Lori_Ross,10272,61,-121311.0234375,-286.865234375,2504.0693359375,0,2687592411372870805,4
218,Michelle_Rogers,10272,61,-120574.3671875,-2114.3642578125,2253.628173828125,0,2687592411372870805,0
219,Laura_Davis,10275,94,-120831.0078125,-1292.5338134765625,2253.628173828125,0,2687592411372870805,2
220,Lori_Ross,10308,1033,-121744.6796875,594.3909301757812,2253.6279296875,0,2687592411372870805,2
221,Michelle_Rogers,10316,250,-120608.53125,-1917.3109130859375,2253.628173828125,0,2687592411372870805,2
222,Laura_Davis,10318,62,-121014.46875,-658.1224975585938,2253.628173828125,0,2687592411372870805,4
223,Michelle_Rogers,10318,62,-120610.328125,-1911.4246826171875,2253.628173828125,0,2687592411372870805,0
224,Lori_Ross,10360,1315,-121786.8671875,-1.6122779846191406,2384.986083984375,0,2687592411372870805,2
225,Michelle_Rogers,10362,62,-120752.890625,-1579.4510498046875,2253.628173828125,0,2687592411372870805,2
226,Michelle_Rogers,10409,1472,-120772.8515625,-1229.48583984375,2253.628173828125,0,2687592411372870805,2
227,Lori_Ross,10444,1097,-122188.578125,290.4057922363281,2253.628173828125,0,2687592411372870805,2
228,Laura_Davis,10444,1097,-121906.9296875,128.31996154785156,2253.628173828125,0,2687592411372870805,4
229,Lori_Ross,10444,1097,-122188.578125,290.4057922363281,2253.628173828125,0,2687592411372870805,2
230,Michelle_Rogers,10456,373,-120920.9765625,-934.42822265625,2253.628173828125,0,2687592411372870805,2
231,Lori_Ross,10458,61,-122339.6796875,392.76031494140625,2253.628173828125,0,2687592411372870805,4
232,Michelle_Rogers,10458,61,-120940.4140625,-914.4521484375,2253.628173828125,0,2687592411372870805,0
233,Michelle_Rogers,10510,1629,-121355.4921875,-751.9568481445312,2431.885498046875,0,2687592411372870805,2
234,Lori_Ross,10512,61,-123202.7421875,396.55029296875,2253.6279296875,0,2687592411372870805,4
235,Michelle_Rogers,10512,61,-121378.296875,-738.84765625,2407.27685546875,0,2687592411372870805,0
236,Lori_Ross,10557,1409,-123599.4375,623.9339599609375,2253.628173828125,0,2687592411372870805,2
237,Michelle_Rogers,10560,93,-121815.0546875,-473.7606506347656,2438.06591796875,0,2687592411372870805,2
238,Lori_Ross,10562,62,-123536.2578125,584.3040771484375,2253.628173828125,0,2687592411372870805,4
239,Michelle_Rogers,10562,62,-121834.0703125,-462.25836181640625,2423.2939453125,0,2687592411372870805,0
240,Lori_Ross,10628,2067,-123086.453125,283.53515625,2253.628173828125,0,2687592411372870805,2
241,Lori_Ross,10638,312,-123086.453125,283.53515625,2253.628173828125,0,2687592411372870805,2
242,Lori_Ross,10673,1096,-123336.515625,8.138790130615234,2253.628173828125,0,2687592411372870805,2
243,Jesus_Roberts,10693,630,-125766.5703125,-1724.5277099609375,2253.628173828125,0,2687592411372870805,9
244,Lori_Ross,10693,630,-123336.515625,8.138790130615234,2253.628173828125,0,2687592411372870805,9
245,Michelle_Rogers,10693,630,-121834.0703125,-462.25836181640625,2423.2939453125,0,2687592411372870805,9
246,Richard_Johnson,10693,630,-125240.015625,-2047.9449462890625,2253.628173828125,0,2687592411372870805,9
247,Laura_Davis,10693,630,-121906.9296875,128.31996154785156,2253.628173828125,0,2687592411372870805,9
248,Jesus_Roberts,10695,30,-58220.0625,20761.84375,603.5213623046875,600,2687592411372870805,1
249,Laura_Davis,10695,30,40036.3984375,-47163.0234375,10338.3828125,600,2687592411372870805,1
250,Lori_Ross,10695,30,62415.24609375,11999.9404296875,3121.867431640625,600,2687592411372870805,1
251,Michelle_Rogers,10695,30,-37233.08203125,-58119.44921875,2416.7138671875,600,2687592411372870805,1
252,Richard_Johnson,10695,30,35605.84375,55612.734375,6423.8681640625,600,2687592411372870805,1
253,Jesus_Roberts,10695,30,-58220.0625,20761.84375,603.5213623046875,600,2687592411372870805,1
254,Jesus_Roberts,10697,30,-58220.0625,20761.84375,603.5213623046875,600,2687592411372870805,1
255,Lori_Ross,10697,30,62401.25,11999.58984375,3122.957275390625,600,2687592411372870805,1
256,Michelle_Rogers,10697,30,-37230.1953125,-58117.45703125,2416.701416015625,600,2687592411372870805,1
257,Michelle_Rogers,10699,30,-37217.57421875,-58115.3359375,2415.91064453125,600,2687592411372870805,1
258,Michelle_Rogers,10699,30,-37210.546875,-58114.703125,2415.408935546875,600,2687592411372870805,1
259,Michelle_Rogers,10701,33,-37202.51953125,-58114.13671875,2414.818603515625,600,2687592411372870805,1
260,Lori_Ross,10701,33,62350.05078125,11999.3388671875,3127.683837890625,600,2687592411372870805,1
261,Michelle_Rogers,10701,33,-37183.41796875,-58112.8984375,2413.400390625,600,2687592411372870805,1
262,Richard_Johnson,10701,33,35633.20703125,55730.69921875,6409.69921875,600,2687592411372870805,1
263,Laura_Davis,10703,31,39991.65234375,-47219.84765625,10373.0185546875,600,2687592411372870805,1
264,Lori_Ross,10703,31,62318.05078125,11999.8671875,3128.614013671875,600,2687592411372870805,1
265,Michelle_Rogers,10703,31,-37173.56640625,-58112.2578125,2412.982177734375,600,2687592411372870805,1
266,Lori_Ross,10705,31,62302.08203125,12000.9326171875,3129.5556640625,600,2687592411372870805,1
267,Michelle_Rogers,10705,31,-37171.3828125,-58111.74609375,2412.980224609375,600,2687592411372870805,1
268,Lori_Ross,10705,31,62283.98828125,12003.1552734375,3130.576904296875,600,2687592411372870805,1
269,Laura_Davis,10707,31,39980.01953125,-47234.671875,10382.0185546875,600,2687592411372870805,1
270,Lori_Ross,10707,31,62233.42578125,12013.453125,3131.173583984375,600,2687592411372870805,1
271,Michelle_Rogers,10707,31,-37164.78125,-58109.69921875,2413.03759765625,600,2687592411372870805,1
272,Jesus_Roberts,10709,31,-58220.0625,20761.84375,603.5213623046875,600,2687592411372870805,1
273,Laura_Davis,10709,31,39956.59765625,-47215.84375,10379.662109375,600,2687592411372870805,1
274,Michelle_Rogers,10709,31,-37144.56640625,-58101.046875,2413.513671875,600,2687592411372870805,1
275,Jesus_Roberts,10709,31,-58220.0625,20761.84375,603.5213623046875,600,2687592411372870805,1
276,Lori_Ross,10709,31,62206.3203125,12020.2861328125,3131.501708984375,600,2687592411372870805,1
277,Richard_Johnson,10709,31,35667.16015625,55877.09765625,6384.48828125,600,2687592411372870805,1
278,Jesus_Roberts,10711,30,-58220.0625,20761.84375,603.5213623046875,600,2687592411372870805,1
279,Lori_Ross,10711,30,62143.5,12038.521484375,3133.8974609375,600,2687592411372870805,1
280,Michelle_Rogers,10711,30,-37124.5,-58091.2578125,2414.13671875,600,2687592411372870805,1
281,Jesus_Roberts,10711,30,-58220.0625,20761.84375,603.5213623046875,600,2687592411372870805,1
282,Jesus_Roberts,10713,28,-58220.0625,20761.84375,603.5213623046875,600,2687592411372870805,1
283,Lori_Ross,10713,28,62119.9296875,12043.46484375,3134.668212890625,600,2687592411372870805,1
284,Michelle_Rogers,10713,28,-37093.87890625,-58076.34765625,2414.29296875,600,2687592411372870805,1
285,Jesus_Roberts,10713,28,-58220.0625,20761.84375,603.5213623046875,600,2687592411372870805,1
286,Jesus_Roberts,10715,30,-58220.0625,20761.84375,603.5213623046875,600,2687592411372870805,1
287,Lori_Ross,10715,30,62071.109375,12035.314453125,3135.708251953125,600,2687592411372870805,1
288,Michelle_Rogers,10715,30,-37068.78125,-58064.13671875,2414.013916015625,600,2687592411372870805,1
289,Jesus_Roberts,10715,30,-58220.0625,20761.84375,603.5213623046875,600,2687592411372870805,1
290,Laura_Davis,10715,30,39925.61328125,-47147.44140625,10358.1279296875,600,2687592411372870805,1
291,Jesus_Roberts,10717,31,-58220.0625,20761.84375,603.5213623046875,600,2687592411372870805,1
292,Laura_Davis,10717,31,39914.72265625,-47111.56640625,10345.5068359375,600,2687592411372870805,1
293,Michelle_Rogers,10717,31,-37009.78125,-58035.44921875,2415.482666015625,600,2687592411372870805,1
294,Jesus_Roberts,10717,31,-58220.0625,20761.84375,603.5213623046875,600,2687592411372870805,1
295,Lori_Ross,10717,31,62039.69140625,12023.2744140625,3135.884033203125,600,2687592411372870805,1
296,Richard_Johnson,10717,31,35701.11328125,56023.49609375,6330.2216796875,600,2687592411372870805,1
297,Jesus_Roberts,10719,31,-58220.0625,20761.84375,603.5213623046875,600,2687592411372870805,1
298,Lori_Ross,10719,31,62029.64453125,12019.0927734375,3135.804931640625,600,2687592411372870805,1
299,Michelle_Rogers,10719,31,-36968.76171875,-58015.47265625,2417.34716796875,600,2687592411372870805,1
300,Jesus_Roberts,10719,31,-58220.0625,20761.84375,603.5213623046875,600,2687592411372870805,1
301,Laura_Davis,10721,31,39909.80859375,-47074.3984375,10330.7685546875,600,2687592411372870805,1
302,Michelle_Rogers,10721,31,-36903.42578125,-57984.1015625,2421.140625,600,2687592411372870805,1
303,Michelle_Rogers,10723,31,-36863.0390625,-57965.60546875,2423.52587890625,600,2687592411372870805,1
304,Michelle_Rogers,10723,31,-36843.16796875,-57956.3203125,2425.37255859375,600,2687592411372870805,1
305,Laura_Davis,10725,31,39906.82421875,-47037.44140625,10315.5361328125,600,2687592411372870805,1
306,Michelle_Rogers,10725,31,-36803.12109375,-57936.1640625,2429.720703125,600,2687592411372870805,1
307,Richard_Johnson,10725,31,35740.54296875,56116.80078125,6287.44091796875,600,2687592411372870805,1
308,Michelle_Rogers,10727,32,-36759.5859375,-57910.5625,2434.666015625,600,2687592411372870805,1
309,Laura_Davis,10727,32,39904.96875,-47014.38671875,10305.916015625,600,2687592411372870805,1
310,Lori_Ross,10727,32,62029.64453125,12019.0927734375,3135.804931640625,600,2687592411372870805,1
311,Michelle_Rogers,10727,32,-36728.61328125,-57889.49609375,2438.3349609375,600,2687592411372870805,1
312,Richard_Johnson,10727,32,35769.89453125,56127.42578125,6287.44091796875,600,2687592411372870805,1
313,Laura_Davis,10729,31,39903.73046875,-46999.30078125,10299.6279296875,600,2687592411372870805,1
314,Lori_Ross,10729,31,62026.47265625,12017.384765625,3135.75927734375,600,2687592411372870805,1
315,Michelle_Rogers,10729,31,-36680.96484375,-57850.51171875,2446.258544921875,600,2687592411372870805,1
316,Laura_Davis,10729,31,39902.34375,-46982.55859375,10292.6533203125,600,2687592411372870805,1
317,Lori_Ross,10731,30,62026.47265625,12017.384765625,3135.75927734375,600,2687592411372870805,1
318,Michelle_Rogers,10731,30,-36643.84765625,-57812.84375,2453.19287109375,600,2687592411372870805,1
319,Laura_Davis,10731,30,39900.9765625,-46966.12109375,10285.8544921875,600,2687592411372870805,1
320,Michelle_Rogers,10733,32,-36625.1171875,-57790.3359375,2457.31640625,600,2687592411372870805,1
321,Laura_Davis,10733,32,39899.609375,-46949.70703125,10279.0673828125,600,2687592411372870805,1
322,Michelle_Rogers,10733,32,-36620.37109375,-57782.07421875,2458.47802734375,600,2687592411372870805,1
323,Jesus_Roberts,10735,31,-58220.0625,20761.84375,603.5213623046875,600,2687592411372870805,1
324,Michelle_Rogers,10735,31,-36624.09375,-57777.2578125,2458.839111328125,600,2687592411372870805,1
325,Richard_Johnson,10735,31,35841.8203125,56153.58203125,6287.4404296875,600,2687592411372870805,1
326,Jesus_Roberts,10735,31,-58220.0625,20761.84375,603.5213623046875,600,2687592411372870805,1
327,Laura_Davis,10735,31,39898.2109375,-46932.95703125,10272.08203125,600,2687592411372870805,1
328,Jesus_Roberts,10737,31,-58220.0625,20761.84375,603.5213623046875,600,2687592411372870805,1
329,Laura_Davis,10737,31,39896.8515625,-46916.67578125,10265.234375,600,2687592411372870805,1
330,Michelle_Rogers,10737,31,-36632.171875,-57778.1015625,2458.35009765625,600,2687592411372870805,1
331,Jesus_Roberts,10737,31,-58220.0625,20761.84375,603.5213623046875,600,2687592411372870805,1
332,Jesus_Roberts,10739,30,-58220.0625,20761.84375,603.5213623046875,600,2687592411372870805,1
333,Michelle_Rogers,10739,30,-36648.64453125,-57784.0625,2456.87548828125,600,2687592411372870805,1
334,Richard_Johnson,10739,30,35879.125,56167.265625,6279.22900390625,600,2687592411372870805,1
335,Jesus_Roberts,10739,30,-58220.0625,20761.84375,603.5213623046875,600,2687592411372870805,1
336,Laura_Davis,10739,30,39895.58203125,-46900.16015625,10258.326171875,600,2687592411372870805,1
337,Jesus_Roberts,10741,31,-58220.0625,20761.84375,603.5213623046875,600,2687592411372870805,1
338,Michelle_Rogers,10741,31,-36671.56640625,-57794.79296875,2453.95068359375,600,2687592411372870805,1
339,Jesus_Roberts,10741,31,-58220.0625,20761.84375,603.5213623046875,600,2687592411372870805,1
340,Laura_Davis,10741,31,39894.3046875,-46882.8828125,10251.1611328125,600,2687592411372870805,1
341,Jesus_Roberts,10743,31,-58220.0625,20761.84375,603.5213623046875,600,2687592411372870805,1
342,Michelle_Rogers,10743,31,-36700.46875,-57809.48828125,2450.47705078125,600,2687592411372870805,1
343,Jesus_Roberts,10743,31,-58220.0625,20761.84375,603.5213623046875,600,2687592411372870805,1
344,Laura_Davis,10743,31,39892.92578125,-46864.75,10243.65234375,600,2687592411372870805,1
345,Jesus_Roberts,10745,31,-58220.0625,20761.84375,603.5213623046875,600,2687592411372870805,1
346,Michelle_Rogers,10745,31,-36738.65625,-57829.61328125,2446.267578125,600,2687592411372870805,1
347,Laura_Davis,10745,31,39891.25390625,-46843.375,10234.810546875,600,2687592411372870805,1
348,Richard_Johnson,10745,31,35937.87109375,56216.6640625,6197.31982421875,600,2687592411372870805,1
349,Michelle_Rogers,10747,31,-36749.2421875,-57835.265625,2444.90087890625,600,2687592411372870805,1
350,Laura_Davis,10747,31,39890.1953125,-46830.1796875,10229.359375,600,2687592411372870805,1
351,Michelle_Rogers,10747,31,-36770.296875,-57846.65625,2442.658447265625,600,2687592411372870805,1
352,Michelle_Rogers,10749,31,-36780.66796875,-57852.44921875,2441.3857421875,600,2687592411372870805,1
353,Laura_Davis,10749,31,39888.33203125,-46806.6640625,10219.638671875,600,2687592411372870805,1
354,Michelle_Rogers,10749,31,-36791.67578125,-57858.77734375,2440.01171875,600,2687592411372870805,1
355,Laura_Davis,10751,30,39888.15234375,-46804.39453125,10218.7001953125,600,2687592411372870805,1
356,Michelle_Rogers,10751,30,-36830.01171875,-57882.19140625,2435.578369140625,600,2687592411372870805,1
357,Lori_Ross,10751,30,62026.47265625,12017.384765625,3135.75927734375,600,2687592411372870805,1
358,Michelle_Rogers,10753,32,-36839.859375,-57888.54296875,2434.557373046875,600,2687592411372870805,1
359,Laura_Davis,10753,32,39888.15234375,-46804.39453125,10218.7001953125,600,2687592411372870805,1
360,Lori_Ross,10753,32,62026.47265625,12017.384765625,3135.75927734375,600,2687592411372870805,1
361,Michelle_Rogers,10753,32,-36859.53515625,-57901.54296875,2432.399169921875,600,2687592411372870805,1
362,Richard_Johnson,10753,32,35963.62890625,56286.57421875,6185.60546875,600,2687592411372870805,1
363,Laura_Davis,10755,31,39888.15234375,-46804.39453125,10218.7001953125,600,2687592411372870805,1
364,Lori_Ross,10755,31,62026.47265625,12017.384765625,3135.75927734375,600,2687592411372870805,1
365,Michelle_Rogers,10755,31,-36886.40625,-57916.41015625,2429.908203125,600,2687592411372870805,1
366,Lori_Ross,10757,31,62023.84375,12016.830078125,3135.76708984375,600,2687592411372870805,1
367,Michelle_Rogers,10757,31,-36921.1328125,-57922.5625,2428.59228515625,600,2687592411372870805,1
368,Lori_Ross,10757,31,62017.85546875,12015.9140625,3135.8037109375,600,2687592411372870805,1
369,Michelle_Rogers,10759,31,-36941.24609375,-57922.8515625,2427.837890625,600,2687592411372870805,1
370,Laura_Davis,10759,31,39888.15234375,-46804.39453125,10218.7001953125,600,2687592411372870805,1
371,Lori_Ross,10759,31,62005.63671875,12014.96484375,3135.92724609375,600,2687592411372870805,1
372,Michelle_Rogers,10759,31,-36953.61328125,-57922.26171875,2428.082763671875,600,2687592411372870805,1
373,Lori_Ross,10761,31,61987.94921875,12015.0888671875,3136.185546875,600,2687592411372870805,1
374,Michelle_Rogers,10761,31,-36977.9296875,-57920.1328125,2428.656982421875,600,2687592411372870805,1
375,Laura_Davis,10761,31,39887.7890625,-46798.96875,10216.439453125,600,2687592411372870805,1
376,Lori_Ross,10761,31,61973.859375,12015.33984375,3136.3994140625,600,2687592411372870805,1
377,Richard_Johnson,10761,31,35992.66796875,56358.12109375,6174.08447265625,600,2687592411372870805,1
378,Lori_Ross,10763,27,61957.57421875,12014.5400390625,3137.015380859375,600,2687592411372870805,1
379,Michelle_Rogers,10763,27,-36977.9296875,-57920.1328125,2428.656982421875,600,2687592411372870805,1
380,Laura_Davis,10765,30,39886.66796875,-46780.484375,10208.7119140625,600,2687592411372870805,1
381,Lori_Ross,10765,30,61920.03515625,12000.7529296875,3136.9208984375,600,2687592411372870805,1
382,Michelle_Rogers,10765,30,-36977.9296875,-57920.1328125,2428.656982421875,600,2687592411372870805,1
383,Laura_Davis,10765,30,39886.04296875,-46768.1015625,10203.5029296875,600,2687592411372870805,1
384,Lori_Ross,10767,31,61896.671875,11969.1259765625,3134.5107421875,600,2687592411372870805,1
385,Michelle_Rogers,10767,31,-36977.9296875,-57920.1328125,2428.656982421875,600,2687592411372870805,1
386,Laura_Davis,10767,31,39885.3828125,-46751.5625,10196.5009765625,600,2687592411372870805,1
387,Laura_Davis,10769,31,39884.875,-46733.5078125,10188.8037109375,600,2687592411372870805,1
388,Lori_Ross,10769,31,61897.8671875,11914.9462890625,3129.38427734375,600,2687592411372870805,1
389,Michelle_Rogers,10769,31,-36977.9296875,-57920.1328125,2428.656982421875,600,2687592411372870805,1
390,Richard_Johnson,10769,31,35991.6796875,56438.6171875,6099.68115234375,600,2687592411372870805,1
391,Laura_Davis,10771,30,39884.50390625,-46717.0625,10182.005859375,600,2687592411372870805,1
392,Michelle_Rogers,10771,30,-36977.9296875,-57920.1328125,2428.656982421875,600,2687592411372870805,1
393,Lori_Ross,10771,30,61912.09375,11895.017578125,3127.14404296875,600,2687592411372870805,1
394,Laura_Davis,10773,30,39884.16796875,-46700.5859375,10175.146484375,600,2687592411372870805,1
395,Lori_Ross,10773,30,61949.28515625,11868.234375,3126.269287109375,600,2687592411372870805,1
396,Michelle_Rogers,10773,30,-36977.9296875,-57920.1328125,2428.656982421875,600,2687592411372870805,1
397,Laura_Davis,10775,30,39883.84765625,-46684.0,10168.1943359375,600,2687592411372870805,1
398,Lori_Ross,10775,30,61969.7890625,11858.234375,3126.063720703125,600,2687592411372870805,1
399,Michelle_Rogers,10775,30,-36977.9296875,-57920.1328125,2428.656982421875,600,2687592411372870805,1
400,Laura_Davis,10777,31,39883.5078125,-46666.140625,10160.7099609375,600,2687592411372870805,1
401,Lori_Ross,10777,31,62011.91796875,11841.4951171875,3126.788818359375,600,2687592411372870805,1
402,Richard_Johnson,10777,31,35963.734375,56514.66015625,6055.8525390625,600,2687592411372870805,1
403,Laura_Davis,10779,30,39883.0703125,-46642.9296875,10150.9814453125,600,2687592411372870805,1
404,Lori_Ross,10779,30,62054.6796875,11826.6943359375,3128.560791015625,600,2687592411372870805,1
405,Richard_Johnson,10779,30,35963.04296875,56516.2578125,6055.3603515625,600,2687592411372870805,1
406,Laura_Davis,10781,31,39882.7578125,-46626.3984375,10144.0537109375,600,2687592411372870805,1
407,Lori_Ross,10781,31,62098.36328125,11813.6123046875,3129.6171875,600,2687592411372870805,1
408,Richard_Johnson,10781,31,35963.04296875,56516.2578125,6055.3603515625,600,2687592411372870805,1
409,Laura_Davis,10783,31,39882.3984375,-46607.375,10136.0087890625,600,2687592411372870805,1
410,Lori_Ross,10783,31,62121.65625,11809.880859375,3131.39794921875,600,2687592411372870805,1
411,Lori_Ross,10785,31,62144.76953125,11809.73828125,3133.228271484375,600,2687592411372870805,1
412,Laura_Davis,10785,31,39882.13671875,-46586.8828125,10127.2431640625,600,2687592411372870805,1
413,Laura_Davis,10787,30,39882.54296875,-46570.56640625,10120.3515625,600,2687592411372870805,1
414,Lori_Ross,10787,30,62188.19140625,11801.818359375,3136.150634765625,600,2687592411372870805,1
415,Laura_Davis,10789,30,39883.23046875,-46557.5078125,10114.9453125,600,2687592411372870805,1
416,Lori_Ross,10789,30,62227.90234375,11793.8779296875,3140.373291015625,600,2687592411372870805,1
417,Laura_Davis,10791,30,39884.390625,-46538.78125,10107.1640625,600,2687592411372870805,1
418,Lori_Ross,10791,30,62239.234375,11791.7275390625,3141.923583984375,600,2687592411372870805,1
419,Richard_Johnson,10791,30,35963.04296875,56516.2578125,6055.3603515625,600,2687592411372870805,1
420,Laura_Davis,10793,31,39885.94921875,-46515.93359375,10141.6474609375,600,2687592411372870805,1
421,Laura_Davis,10793,31,39887.18359375,-46498.37890625,10134.4638671875,600,2687592411372870805,1
422,Lori_Ross,10795,31,62239.234375,11791.7275390625,3141.923583984375,600,2687592411372870805,1
423,Richard_Johnson,10795,31,35963.04296875,56516.2578125,6055.3603515625,600,2687592411372870805,1
424,Lori_Ross,10795,31,62239.234375,11791.7275390625,3141.923583984375,600,2687592411372870805,1
425,Lori_Ross,10797,31,62239.234375,11791.7275390625,3141.923583984375,600,2687592411372870805,1
426,Lori_Ross,10797,31,62239.234375,11791.7275390625,3141.923583984375,600,2687592411372870805,1
427,Richard_Johnson,10797,31,35963.04296875,56516.2578125,6055.3603515625,600,2687592411372870805,1
428,Lori_Ross,10799,31,62239.234375,11791.7275390625,3141.923583984375,600,2687592411372870805,1
429,Lori_Ross,10799,31,62239.234375,11791.7275390625,3141.923583984375,600,2687592411372870805,1
430,Laura_Davis,10801,30,39897.625,-46351.9140625,10076.6064453125,600,2687592411372870805,1
431,Lori_Ross,10801,30,62239.234375,11791.7275390625,3141.923583984375,600,2687592411372870805,1
432,Richard_Johnson,10801,30,35947.55859375,56539.51953125,6049.63720703125,600,2687592411372870805,1
433,Lori_Ross,10803,31,62239.234375,11791.7275390625,3141.923583984375,600,2687592411372870805,1
434,Richard_Johnson,10804,55,35928.31640625,56563.44921875,6044.63671875,600,2687592411372870805,1
435,Laura_Davis,10808,35,39908.5625,-46198.703125,10021.8642578125,600,2687592411372870805,1
436,Richard_Johnson,10811,32,35861.7265625,56639.66796875,6025.94873046875,600,2687592411372870805,1
437,Richard_Johnson,10813,30,35826.09765625,56675.47265625,6017.25830078125,600,2687592411372870805,1
438,Richard_Johnson,10815,30,35795.51953125,56703.8046875,6010.0126953125,600,2687592411372870805,1
439,Laura_Davis,10817,31,39919.5,-46045.4921875,9976.013671875,600,2687592411372870805,1
440,Richard_Johnson,10817,31,35763.2421875,56729.62109375,6006.21875,600,2687592411372870805,1
441,Richard_Johnson,10820,32,35721.484375,56754.6640625,6010.146484375,600,2687592411372870805,1
442,Laura_Davis,10824,30,39930.4375,-45892.28125,9945.15234375,600,2687592411372870805,1
443,Richard_Johnson,10826,31,35653.3203125,56786.5859375,6018.51416015625,600,2687592411372870805,1
444,Laura_Davis,10828,30,39933.4921875,-45849.53125,9939.2783203125,600,2687592411372870805,1
445,Laura_Davis,10828,30,39991.69921875,-45772.83984375,9938.8818359375,600,2687592411372870805,1
446,Richard_Johnson,10830,30,35591.03515625,56813.2265625,6028.41552734375,600,2687592411372870805,1
447,Laura_Davis,10830,30,40000.30859375,-45766.42578125,9939.66796875,600,2687592411372870805,1
448,Laura_Davis,10832,31,40000.30859375,-45766.42578125,9939.66796875,600,2687592411372870805,1
449,Richard_Johnson,10832,31,35537.88671875,56835.52734375,6036.94384765625,600,2687592411372870805,1
450,Laura_Davis,10834,31,40000.30859375,-45766.42578125,9939.66796875,600,2687592411372870805,1
451,Laura_Davis,10836,31,40000.30859375,-45766.42578125,9939.66796875,600,2687592411372870805,1
452,Richard_Johnson,10836,31,35495.12109375,56870.6171875,6040.94921875,600,2687592411372870805,1
453,Laura_Davis,10838,31,40000.30859375,-45766.42578125,9939.66796875,600,2687592411372870805,1
454,Laura_Davis,10841,31,40000.30859375,-45766.42578125,9939.66796875,600,2687592411372870805,1
455,Laura_Davis,10845,31,39995.92578125,-45751.8203125,9937.4501953125,600,2687592411372870805,1
456,Michelle_Rogers,10845,31,-36977.9296875,-57920.1328125,2428.656982421875,600,2687592411372870805,1
457,Laura_Davis,10847,30,39990.8671875,-45736.37109375,9935.0283203125,600,2687592411372870805,1
458,Michelle_Rogers,10847,30,-36980.97265625,-57918.91796875,2428.819091796875,600,2687592411372870805,1
459,Richard_Johnson,10847,30,35487.7109375,56907.91796875,6036.77783203125,600,2687592411372870805,1
460,Laura_Davis,10849,32,39982.2578125,-45710.48046875,9930.84375,600,2687592411372870805,1
461,Michelle_Rogers,10849,32,-36989.13671875,-57912.2421875,2429.580810546875,600,2687592411372870805,1
462,Laura_Davis,10849,32,39976.38671875,-45692.95703125,9927.615234375,600,2687592411372870805,1
463,Michelle_Rogers,10851,31,-36991.88671875,-57908.25390625,2430.00341796875,600,2687592411372870805,1
464,Laura_Davis,10851,31,39965.95703125,-45662.40234375,9921.7646484375,600,2687592411372870805,1
465,Michelle_Rogers,10851,31,-36996.609375,-57896.046875,2431.240234375,600,2687592411372870805,1
466,Richard_Johnson,10851,31,35487.7109375,56907.91796875,6036.77783203125,600,2687592411372870805,1
467,Laura_Davis,10853,31,39954.24609375,-45630.6875,9915.4375,600,2687592411372870805,1
468,Michelle_Rogers,10853,31,-36999.83203125,-57868.9375,2433.332763671875,600,2687592411372870805,1
469,Richard_Johnson,10853,31,35487.7109375,56907.91796875,6036.77783203125,600,2687592411372870805,1
470,Richard_Johnson,10843,30,35487.69140625,56907.33984375,6036.8720703125,600,2687592411372870805,1
471,Laura_Davis,10843,30,39998.92578125,-45761.5390625,9938.927734375,600,2687592411372870805,1
472,Michelle_Rogers,10843,30,-36977.9296875,-57920.1328125,2428.656982421875,600,2687592411372870805,1
473,Laura_Davis,10855,31,39941.37890625,-45598.23828125,9908.40625,600,2687592411372870805,1
474,Michelle_Rogers,10855,31,-36999.8515625,-57835.75,2435.64404296875,600,2687592411372870805,1
475,Laura_Davis,10857,30,39928.11328125,-45566.70703125,9900.43359375,600,2687592411372870805,1
476,Michelle_Rogers,10857,30,-36998.2265625,-57800.8828125,2438.120361328125,600,2687592411372870805,1
477,Richard_Johnson,10857,30,35487.7109375,56907.91796875,6036.77783203125,600,2687592411372870805,1
478,Laura_Davis,10859,31,39914.28125,-45535.6015625,9892.0986328125,600,2687592411372870805,1
479,Michelle_Rogers,10859,31,-36995.9140625,-57766.92578125,2440.123291015625,600,2687592411372870805,1
480,Laura_Davis,10859,31,39899.25,-45504.45703125,9883.138671875,600,2687592411372870805,1
481,Michelle_Rogers,10861,31,-36995.03515625,-57755.39453125,2440.805419921875,600,2687592411372870805,1
482,Michelle_Rogers,10861,31,-36993.25,-57732.9765625,2442.133544921875,600,2687592411372870805,1
483,Laura_Davis,10863,31,39882.31640625,-45473.453125,9874.2958984375,600,2687592411372870805,1
484,Michelle_Rogers,10863,31,-36990.46484375,-57699.4140625,2444.427001953125,600,2687592411372870805,1
485,Richard_Johnson,10863,31,35487.7109375,56907.91796875,6036.77783203125,600,2687592411372870805,1
486,Laura_Davis,10863,31,39862.7265625,-45442.23046875,9866.1875,600,2687592411372870805,1
487,Michelle_Rogers,10865,31,-36988.5546875,-57676.9453125,2445.778076171875,600,2687592411372870805,1
488,Laura_Davis,10865,31,39843.2265625,-45415.49609375,9858.4619140625,600,2687592411372870805,1
489,Michelle_Rogers,10865,31,-36987.63671875,-57666.26171875,2446.4208984375,600,2687592411372870805,1
490,Richard_Johnson,10865,31,35487.7109375,56907.91796875,6036.77783203125,600,2687592411372870805,1
491,Michelle_Rogers,10866,34,-36985.55859375,-57642.2421875,2447.66162109375,600,2687592411372870805,1
492,Laura_Davis,10868,31,39819.96875,-45387.87890625,9849.59765625,600,2687592411372870805,1
493,Michelle_Rogers,10868,31,-36982.69921875,-57609.40234375,2449.1171875,600,2687592411372870805,1
494,Laura_Davis,10870,33,39789.12890625,-45370.51953125,9838.8662109375,600,2687592411372870805,1
495,Michelle_Rogers,10870,33,-36979.52734375,-57573.16015625,2450.780517578125,600,2687592411372870805,1
496,Richard_Johnson,10870,33,35487.7109375,56907.91796875,6036.77783203125,600,2687592411372870805,1
497,Michelle_Rogers,10872,31,-36978.3359375,-57559.57421875,2451.441650390625,600,2687592411372870805,1
498,Lori_Ross,10872,31,62239.234375,11791.7275390625,3141.923583984375,600,2687592411372870805,1
499,Michelle_Rogers,10872,31,-36975.7265625,-57529.828125,2452.8896484375,600,2687592411372870805,1
500,Lori_Ross,10874,31,62239.234375,11791.7275390625,3141.923583984375,600,2687592411372870805,1
501,Michelle_Rogers,10874,31,-36971.3203125,-57478.12109375,2455.474853515625,600,2687592411372870805,1
502,Richard_Johnson,10874,31,35487.7109375,56907.91796875,6036.77783203125,600,2687592411372870805,1
503,Laura_Davis,10874,31,39712.88671875,-45364.7734375,9815.4052734375,600,2687592411372870805,1
504,Laura_Davis,10876,31,39686.9140625,-45377.8671875,9809.537109375,600,2687592411372870805,1
505,Michelle_Rogers,10876,31,-36967.7578125,-57421.89453125,2457.735107421875,600,2687592411372870805,1
506,Lori_Ross,10878,30,62239.234375,11791.7275390625,3141.923583984375,600,2687592411372870805,1
507,Michelle_Rogers,10878,30,-36966.16015625,-57366.01953125,2458.7412109375,600,2687592411372870805,1
508,Richard_Johnson,10878,30,35487.7109375,56907.91796875,6036.77783203125,600,2687592411372870805,1
509,Laura_Davis,10878,30,39655.578125,-45405.47265625,9803.5439453125,600,2687592411372870805,1
510,Laura_Davis,10880,30,39635.15234375,-45429.94921875,9803.6494140625,600,2687592411372870805,1
511,Lori_Ross,10880,30,62239.234375,11791.7275390625,3141.923583984375,600,2687592411372870805,1
512,Michelle_Rogers,10880,30,-36966.7890625,-57309.86328125,2459.54833984375,600,2687592411372870805,1
513,Richard_Johnson,10880,30,35487.7109375,56907.91796875,6036.77783203125,600,2687592411372870805,1
514,Laura_Davis,10882,30,39616.35546875,-45456.11328125,9804.5341796875,600,2687592411372870805,1
515,Lori_Ross,10882,30,62239.234375,11791.7275390625,3141.923583984375,600,2687592411372870805,1
516,Michelle_Rogers,10882,30,-36969.69140625,-57255.9765625,2459.9921875,600,2687592411372870805,1
517,Laura_Davis,10884,31,39595.55859375,-45487.78125,9806.22265625,600,2687592411372870805,1
518,Lori_Ross,10884,31,62245.3203125,11794.693359375,3142.396728515625,600,2687592411372870805,1
519,Michelle_Rogers,10884,31,-36974.8671875,-57200.74609375,2459.615966796875,600,2687592411372870805,1
520,Laura_Davis,10884,31,39579.17578125,-45513.77734375,9810.916015625,600,2687592411372870805,1
521,Michelle_Rogers,10886,31,-36979.33203125,-57163.9453125,2458.63818359375,600,2687592411372870805,1
522,Laura_Davis,10886,31,39575.46484375,-45519.703125,9811.990234375,600,2687592411372870805,1
523,Lori_Ross,10886,31,62251.84765625,11795.8134765625,3143.083740234375,600,2687592411372870805,1
524,Michelle_Rogers,10886,31,-36981.74609375,-57145.7421875,2458.12451171875,600,2687592411372870805,1
525,Lori_Ross,10888,31,62260.41015625,11795.1923828125,3143.632568359375,600,2687592411372870805,1
526,Michelle_Rogers,10888,31,-36989.51171875,-57091.1171875,2454.57666015625,600,2687592411372870805,1
527,Richard_Johnson,10888,31,35487.7109375,56907.91796875,6036.77783203125,600,2687592411372870805,1
528,Laura_Davis,10888,31,39575.1875,-45520.1484375,9812.0703125,600,2687592411372870805,1
529,Lori_Ross,10888,31,62267.96484375,11790.3525390625,3144.565185546875,600,2687592411372870805,1
530,Lori_Ross,10890,32,62274.80859375,11782.3193359375,3145.791259765625,600,2687592411372870805,1
531,Michelle_Rogers,10890,32,-36997.4296875,-57038.59765625,2449.6650390625,600,2687592411372870805,1
532,Lori_Ross,10890,32,62281.30859375,11771.5576171875,3147.282958984375,600,2687592411372870805,1
533,Richard_Johnson,10890,32,35487.7109375,56907.91796875,6036.77783203125,600,2687592411372870805,1
534,Lori_Ross,10892,31,62287.76171875,11758.294921875,3149.033447265625,600,2687592411372870805,1
535,Michelle_Rogers,10892,31,-37008.2578125,-56969.0703125,2440.29248046875,600,2687592411372870805,1
536,Lori_Ross,10892,31,62294.36328125,11742.6474609375,3151.04150390625,600,2687592411372870805,1
537,Richard_Johnson,10892,31,35487.7109375,56907.91796875,6036.77783203125,600,2687592411372870805,1
538,Lori_Ross,10894,31,62301.28515625,11724.693359375,3153.54150390625,600,2687592411372870805,1
539,Michelle_Rogers,10894,31,-37016.5859375,-56916.40234375,2431.828857421875,600,2687592411372870805,1
540,Lori_Ross,10894,31,62308.1484375,11705.9072265625,3156.130859375,600,2687592411372870805,1
541,Lori_Ross,10896,30,62314.91015625,11687.0830078125,3159.115478515625,600,2687592411372870805,1
542,Michelle_Rogers,10896,30,-37024.71484375,-56865.33203125,2424.12646484375,600,2687592411372870805,1
543,Richard_Johnson,10896,30,35496.58203125,56907.8125,6034.80517578125,600,2687592411372870805,1
544,Lori_Ross,10896,30,62321.81640625,11668.3115234375,3162.50341796875,600,2687592411372870805,1
545,Laura_Davis,10898,31,39569.48046875,-45516.71484375,9810.0107421875,600,2687592411372870805,1
546,Lori_Ross,10898,31,62336.38671875,11631.0595703125,3169.260498046875,600,2687592411372870805,1
547,Michelle_Rogers,10898,31,-37033.109375,-56812.76171875,2416.6474609375,600,2687592411372870805,1
548,Richard_Johnson,10898,31,35516.96484375,56904.3359375,6030.77978515625,600,2687592411372870805,1
549,Laura_Davis,10900,31,39560.3125,-45511.19921875,9806.703125,600,2687592411372870805,1
550,Lori_Ross,10900,31,62351.76171875,11594.1298828125,3174.758544921875,600,2687592411372870805,1
551,Michelle_Rogers,10900,31,-37041.75390625,-56758.68359375,2408.953125,600,2687592411372870805,1
552,Laura_Davis,10900,31,39545.859375,-45502.5,9801.74609375,600,2687592411372870805,1
553,Richard_Johnson,10900,31,35552.59375,56895.8359375,6023.70751953125,600,2687592411372870805,1
554,Lori_Ross,10902,31,62359.81640625,11575.822265625,3177.486328125,600,2687592411372870805,1
555,Michelle_Rogers,10902,31,-37050.3046875,-56705.26171875,2402.338623046875,600,2687592411372870805,1
556,Laura_Davis,10902,31,39521.68359375,-45487.9453125,9793.509765625,600,2687592411372870805,1
557,Lori_Ross,10902,31,62368.16015625,11557.6435546875,3180.19677734375,600,2687592411372870805,1
558,Michelle_Rogers,10904,31,-37055.9765625,-56669.75390625,2397.824951171875,600,2687592411372870805,1
559,Richard_Johnson,10904,31,35599.2109375,56883.0,6014.7353515625,600,2687592411372870805,1
560,Laura_Davis,10904,31,39504.390625,-45477.53515625,9787.46484375,600,2687592411372870805,1
561,Lori_Ross,10904,31,62376.92578125,11539.6640625,3182.53271484375,600,2687592411372870805,1
562,Michelle_Rogers,10904,31,-37061.640625,-56633.9765625,2393.2314453125,600,2687592411372870805,1
563,Laura_Davis,10906,31,39477.22265625,-45461.18359375,9777.970703125,600,2687592411372870805,1
564,Lori_Ross,10906,31,62396.07421875,11504.5478515625,3184.328857421875,600,2687592411372870805,1
565,Michelle_Rogers,10906,31,-37069.98046875,-56578.80859375,2387.166015625,600,2687592411372870805,1
566,Laura_Davis,10908,31,39447.82421875,-45443.49609375,9767.6982421875,600,2687592411372870805,1
567,Lori_Ross,10908,31,62416.82421875,11470.3505859375,3183.16748046875,600,2687592411372870805,1
568,Michelle_Rogers,10908,31,-37077.453125,-56524.65625,2382.964111328125,600,2687592411372870805,1
569,Richard_Johnson,10908,31,35669.6015625,56856.359375,6002.22021484375,600,2687592411372870805,1
570,Laura_Davis,10910,31,39438.8125,-45436.3359375,9763.75,600,2687592411372870805,1
571,Lori_Ross,10910,31,62438.640625,11436.8203125,3182.0673828125,600,2687592411372870805,1
572,Michelle_Rogers,10910,31,-37083.96484375,-56470.86328125,2378.799072265625,600,2687592411372870805,1
573,Lori_Ross,10912,32,62449.86328125,11420.265625,3181.498779296875,600,2687592411372870805,1
574,Michelle_Rogers,10912,32,-37089.55859375,-56415.6171875,2375.3486328125,600,2687592411372870805,1
575,Laura_Davis,10912,32,39438.8125,-45436.3359375,9763.75,600,2687592411372870805,1
576,Lori_Ross,10912,32,62461.171875,11403.7685546875,3179.8955078125,600,2687592411372870805,1
577,Richard_Johnson,10912,32,35724.59765625,56814.51953125,5995.6826171875,600,2687592411372870805,1
578,Lori_Ross,10914,31,62471.6484375,11386.73046875,3178.13818359375,600,2687592411372870805,1
579,Michelle_Rogers,10914,31,-37093.90625,-56361.5078125,2373.4921875,600,2687592411372870805,1
580,Lori_Ross,10914,31,62479.7109375,11368.4267578125,3176.62255859375,600,2687592411372870805,1
581,Lori_Ross,10916,31,62484.27734375,11348.9541015625,3174.94970703125,600,2687592411372870805,1
582,Michelle_Rogers,10916,31,-37097.234375,-56306.07421875,2371.311767578125,600,2687592411372870805,1
583,Laura_Davis,10916,31,39438.8125,-45436.3359375,9763.75,600,2687592411372870805,1
584,Lori_Ross,10916,31,62485.8515625,11329.0146484375,3173.37060546875,600,2687592411372870805,1
585,Richard_Johnson,10916,31,35777.54296875,56761.0234375,5993.93994140625,600,2687592411372870805,1
586,Lori_Ross,10918,31,62490.69921875,11309.609375,3171.524169921875,600,2687592411372870805,1
587,Michelle_Rogers,10918,31,-37097.2421875,-56305.87109375,2371.303466796875,600,2687592411372870805,1
588,Lori_Ross,10918,31,62497.58984375,11290.8330078125,3169.5322265625,600,2687592411372870805,1
589,Lori_Ross,10920,31,62505.421875,11272.4296875,3167.3544921875,600,2687592411372870805,1
590,Michelle_Rogers,10920,31,-37097.2421875,-56305.87109375,2371.303466796875,600,2687592411372870805,1
591,Richard_Johnson,10920,31,35815.08984375,56720.86328125,5999.64599609375,600,2687592411372870805,1
592,Lori_Ross,10922,31,62513.12109375,11253.970703125,3165.185791015625,600,2687592411372870805,1
593,Michelle_Rogers,10922,31,-37097.2421875,-56305.87109375,2371.303466796875,600,2687592411372870805,1
594,Richard_Johnson,10922,31,35843.0703125,56690.140625,6005.896484375,600,2687592411372870805,1
595,Lori_Ross,10922,31,62519.76953125,11235.1064453125,3163.091796875,600,2687592411372870805,1
596,Lori_Ross,10924,31,62525.3125,11215.888671875,3161.08154296875,600,2687592411372870805,1
597,Michelle_Rogers,10924,31,-37097.2421875,-56305.87109375,2371.303466796875,600,2687592411372870805,1
598,Lori_Ross,10924,31,62530.9375,11193.0361328125,3158.391357421875,600,2687592411372870805,1
599,Richard_Johnson,10924,31,35867.3984375,56652.4453125,6018.6826171875,600,2687592411372870805,1
600,Michelle_Rogers,10926,31,-37097.2421875,-56305.87109375,2371.303466796875,600,2687592411372870805,1
601,Lori_Ross,10926,31,62532.72265625,11185.7861328125,3157.537841796875,600,2687592411372870805,1
602,Michelle_Rogers,10926,31,-37097.2421875,-56305.87109375,2371.303466796875,600,2687592411372870805,1
603,Lori_Ross,10928,30,62532.72265625,11185.7861328125,3157.537841796875,600,2687592411372870805,1
604,Michelle_Rogers,10928,30,-37097.2421875,-56305.87109375,2371.303466796875,600,2687592411372870805,1
605,Michelle_Rogers,10930,31,-37097.2421875,-56305.87109375,2371.303466796875,600,2687592411372870805,1
606,Richard_Johnson,10930,31,35870.83203125,56646.640625,6020.64453125,600,2687592411372870805,1
607,Lori_Ross,10932,31,62532.72265625,11185.7861328125,3157.537841796875,600,2687592411372870805,1
608,Lori_Ross,10934,31,62532.72265625,11185.7861328125,3157.537841796875,600,2687592411372870805,1
609,Lori_Ross,10934,31,62532.72265625,11185.7861328125,3157.537841796875,600,2687592411372870805,1
610,Lori_Ross,10936,30,62532.72265625,11185.7861328125,3157.537841796875,600,2687592411372870805,1
611,Lori_Ross,10938,31,62532.72265625,11185.7861328125,3157.537841796875,600,2687592411372870805,1
612,Lori_Ross,10938,31,62532.72265625,11185.7861328125,3157.537841796875,600,2687592411372870805,1
613,Lori_Ross,10940,30,62532.72265625,11185.7861328125,3157.537841796875,600,2687592411372870805,1
614,Lori_Ross,10942,30,62529.2265625,11184.0224609375,3157.677734375,600,2687592411372870805,1
615,Richard_Johnson,10942,30,35870.83203125,56646.640625,6020.64453125,600,2687592411372870805,1
616,Lori_Ross,10944,31,62521.76953125,11180.3310546875,3157.982666015625,600,2687592411372870805,1
617,Richard_Johnson,10944,31,35870.83203125,56646.640625,6020.64453125,600,2687592411372870805,1
618,Lori_Ross,10944,31,62509.1015625,11174.0185546875,3158.496337890625,600,2687592411372870805,1
619,Lori_Ross,10946,31,62491.68359375,11165.009765625,3159.17138671875,600,2687592411372870805,1
620,Lori_Ross,10948,31,62470.94140625,11152.8955078125,3159.58740234375,600,2687592411372870805,1
621,Richard_Johnson,10948,31,35869.671875,56661.421875,6013.8544921875,600,2687592411372870805,1
622,Lori_Ross,10950,31,62470.94140625,11152.8955078125,3159.58740234375,600,2687592411372870805,1
623,Lori_Ross,10950,31,62470.94140625,11152.8955078125,3159.58740234375,600,2687592411372870805,1
624,Richard_Johnson,10952,31,35869.03515625,56704.6640625,5994.81103515625,600,2687592411372870805,1
625,Lori_Ross,10952,31,62470.94140625,11152.8955078125,3159.58740234375,600,2687592411372870805,1
626,Lori_Ross,10954,31,62470.94140625,11152.8955078125,3159.58740234375,600,2687592411372870805,1
627,Richard_Johnson,10954,31,35869.21484375,56756.09375,5975.26025390625,600,2687592411372870805,1
628,Lori_Ross,10956,31,62467.66015625,11155.87890625,3160.137451171875,600,2687592411372870805,1
629,Richard_Johnson,10956,31,35869.5859375,56813.078125,5958.9462890625,600,2687592411372870805,1
630,Lori_Ross,10958,31,62460.3359375,11162.4150390625,3161.352783203125,600,2687592411372870805,1
631,Lori_Ross,10958,31,62450.06640625,11171.5400390625,3163.05322265625,600,2687592411372870805,1
632,Richard_Johnson,10960,30,35869.63671875,56820.71875,5957.2939453125,600,2687592411372870805,1
633,Lori_Ross,10960,30,62436.140625,11183.8916015625,3165.3564453125,600,2687592411372870805,1
634,Lori_Ross,10962,31,62418.8984375,11199.2509765625,3167.58349609375,600,2687592411372870805,1
635,Lori_Ross,10964,30,62399.00390625,11217.1494140625,3169.908447265625,600,2687592411372870805,1
636,Richard_Johnson,10964,30,35857.0625,56820.80078125,5960.57861328125,600,2687592411372870805,1
637,Lori_Ross,10964,30,62377.98828125,11236.341796875,3171.945556640625,600,2687592411372870805,1
638,Lori_Ross,10966,31,62372.55078125,11241.306640625,3172.47265625,600,2687592411372870805,1
639,Richard_Johnson,10970,31,35737.8984375,56821.56640625,5991.01806640625,600,2687592411372870805,1
640,Richard_Johnson,10972,31,35661.38671875,56821.51953125,6010.619140625,600,2687592411372870805,1
641,Lori_Ross,10974,31,62372.55078125,11241.306640625,3172.47265625,600,2687592411372870805,1
642,Lori_Ross,10976,31,62372.55078125,11241.306640625,3172.47265625,600,2687592411372870805,1
643,Lori_Ross,10976,31,62372.55078125,11241.306640625,3172.47265625,600,2687592411372870805,1
644,Richard_Johnson,10976,31,35588.75390625,56803.12890625,6030.8759765625,600,2687592411372870805,1
645,Lori_Ross,10978,30,62372.55078125,11241.306640625,3172.47265625,600,2687592411372870805,1
646,Lori_Ross,10980,30,62372.55078125,11241.306640625,3172.47265625,600,2687592411372870805,1
647,Richard_Johnson,10980,30,35542.41015625,56769.8515625,6047.66552734375,600,2687592411372870805,1
648,Lori_Ross,10980,30,62372.55078125,11241.306640625,3172.47265625,600,2687592411372870805,1
649,Lori_Ross,10983,31,62372.55078125,11241.306640625,3172.47265625,600,2687592411372870805,1
650,Richard_Johnson,10983,31,35534.51953125,56717.25,6058.40771484375,600,2687592411372870805,1
651,Lori_Ross,10985,32,62372.55078125,11241.306640625,3172.47265625,600,2687592411372870805,1
652,Richard_Johnson,10987,32,35547.28125,56667.38671875,6075.97607421875,600,2687592411372870805,1
653,Richard_Johnson,10990,31,35553.0,56612.0703125,6101.69921875,600,2687592411372870805,1
654,Richard_Johnson,10992,31,35541.34765625,56553.90625,6137.958984375,600,2687592411372870805,1
655,Richard_Johnson,10996,30,35522.62890625,56489.8984375,6180.1083984375,600,2687592411372870805,1
656,Michelle_Rogers,11002,31,-37097.2421875,-56305.87109375,2371.303466796875,600,2687592411372870805,1
657,Michelle_Rogers,11004,31,-37097.2421875,-56305.87109375,2371.303466796875,600,2687592411372870805,1
658,Richard_Johnson,11004,31,35458.16015625,56293.2578125,6285.568359375,600,2687592411372870805,1
659,Michelle_Rogers,11004,31,-37097.2421875,-56305.87109375,2371.303466796875,600,2687592411372870805,1
660,Michelle_Rogers,11006,30,-37097.2421875,-56305.87109375,2371.303466796875,600,2687592411372870805,1
661,Richard_Johnson,11006,30,35431.62890625,56221.49609375,6317.11279296875,600,2687592411372870805,1
662,Richard_Johnson,11008,31,35393.1953125,56187.8359375,6336.1357421875,600,2687592411372870805,1
663,Michelle_Rogers,11010,31,-37097.515625,-56304.7265625,2371.270263671875,600,2687592411372870805,1
664,Michelle_Rogers,11012,31,-37098.51953125,-56300.58203125,2371.150390625,600,2687592411372870805,1
665,Michelle_Rogers,11012,31,-37099.2265625,-56297.6796875,2371.06640625,600,2687592411372870805,1
666,Richard_Johnson,11012,31,35319.33984375,56168.6640625,6355.42822265625,600,2687592411372870805,1
667,Michelle_Rogers,11014,30,-37101.21484375,-56289.50390625,2370.83056640625,600,2687592411372870805,1
668,Michelle_Rogers,11014,30,-37103.88671875,-56278.41015625,2370.509033203125,600,2687592411372870805,1
669,Michelle_Rogers,11016,31,-37105.5,-56271.6171875,2370.310546875,600,2687592411372870805,1
670,Richard_Johnson,11016,31,35260.28515625,56162.5703125,6364.15771484375,600,2687592411372870805,1
671,Michelle_Rogers,11016,31,-37109.25390625,-56255.4296875,2369.96875,600,2687592411372870805,1
672,Michelle_Rogers,11018,31,-37113.52734375,-56236.3671875,2369.7080078125,600,2687592411372870805,1
673,Michelle_Rogers,11018,31,-37115.84375,-56225.78515625,2369.558837890625,600,2687592411372870805,1
674,Richard_Johnson,11018,31,35205.89453125,56158.54296875,6370.7568359375,600,2687592411372870805,1
675,Michelle_Rogers,11020,31,-37120.6875,-56203.21875,2369.072998046875,600,2687592411372870805,1
676,Michelle_Rogers,11020,31,-37123.59765625,-56191.671875,2368.859619140625,600,2687592411372870805,1
677,Michelle_Rogers,11022,30,-37134.14453125,-56171.41796875,2368.932861328125,600,2687592411372870805,1
678,Richard_Johnson,11022,30,35155.2265625,56155.21484375,6375.93359375,600,2687592411372870805,1
679,Michelle_Rogers,11022,30,-37148.375,-56153.2109375,2369.38916015625,600,2687592411372870805,1
680,Jesus_Roberts,11024,30,-58220.0625,20761.84375,603.5213623046875,600,2687592411372870805,1
681,Michelle_Rogers,11024,30,-37174.01953125,-56128.44921875,2370.200927734375,600,2687592411372870805,1
682,Richard_Johnson,11024,30,35106.328125,56152.0703125,6380.14453125,600,2687592411372870805,1
683,Jesus_Roberts,11024,30,-58220.0625,20761.84375,603.5213623046875,600,2687592411372870805,1
684,Jesus_Roberts,11026,31,-58220.0625,20761.84375,603.5213623046875,600,2687592411372870805,1
685,Michelle_Rogers,11026,31,-37202.1484375,-56105.33203125,2371.100830078125,600,2687592411372870805,1
686,Jesus_Roberts,11026,31,-58219.01953125,20760.494140625,602.7407836914062,600,2687592411372870805,1
687,Richard_Johnson,11026,31,35057.5859375,56152.60546875,6383.6171875,600,2687592411372870805,1
688,Jesus_Roberts,11028,31,-58217.98046875,20759.140625,601.9589233398438,600,2687592411372870805,1
689,Michelle_Rogers,11028,31,-37223.2109375,-56074.69140625,2371.205078125,600,2687592411372870805,1
690,Jesus_Roberts,11028,31,-58214.87109375,20755.044921875,599.5985717773438,600,2687592411372870805,1
691,Richard_Johnson,11028,31,35008.11328125,56159.94140625,6385.59228515625,600,2687592411372870805,1
692,Jesus_Roberts,11030,31,-58210.4609375,20749.099609375,596.1915283203125,600,2687592411372870805,1
693,Michelle_Rogers,11030,31,-37234.70703125,-56038.56640625,2369.89501953125,600,2687592411372870805,1
694,Jesus_Roberts,11030,31,-58204.87109375,20741.20703125,591.7139892578125,600,2687592411372870805,1
695,Jesus_Roberts,11032,30,-58198.35546875,20731.21875,586.1453857421875,600,2687592411372870805,1
696,Michelle_Rogers,11032,30,-37239.98046875,-56003.21484375,2366.899169921875,600,2687592411372870805,1
697,Richard_Johnson,11032,30,34955.5859375,56175.0546875,6389.21484375,600,2687592411372870805,1
698,Jesus_Roberts,11032,30,-58191.28125,20718.958984375,579.4727783203125,600,2687592411372870805,1
699,Jesus_Roberts,11034,31,-58184.07421875,20704.279296875,571.7064208984375,600,2687592411372870805,1
700,Michelle_Rogers,11034,31,-37242.26171875,-55968.859375,2363.683837890625,600,2687592411372870805,1
701,Jesus_Roberts,11034,31,-58177.1953125,20687.087890625,562.8854370117188,600,2687592411372870805,1
702,Richard_Johnson,11034,31,34903.1875,56194.73828125,6394.13232421875,600,2687592411372870805,1
703,Jesus_Roberts,11036,31,-58171.02734375,20667.375,553.7008666992188,600,2687592411372870805,1
704,Michelle_Rogers,11036,31,-37243.2578125,-55922.42578125,2359.49951171875,600,2687592411372870805,1
705,Jesus_Roberts,11036,31,-58168.296875,20656.5859375,549.6644287109375,600,2687592411372870805,1
706,Jesus_Roberts,11038,31,-58163.67578125,20633.181640625,541.0720825195312,600,2687592411372870805,1
707,Michelle_Rogers,11038,31,-37243.27734375,-55887.109375,2353.840087890625,600,2687592411372870805,1
708,Jesus_Roberts,11038,31,-58160.265625,20607.400390625,531.8191528320312,600,2687592411372870805,1
709,Richard_Johnson,11038,31,34854.14453125,56214.765625,6399.0693359375,600,2687592411372870805,1
710,Jesus_Roberts,11040,31,-58158.06640625,20579.3046875,521.926513671875,600,2687592411372870805,1
711,Michelle_Rogers,11040,31,-37243.01171875,-55852.08984375,2347.951904296875,600,2687592411372870805,1
712,Jesus_Roberts,11040,31,-58156.97265625,20548.99609375,511.4157409667969,600,2687592411372870805,1
713,Richard_Johnson,11040,31,34803.14453125,56236.38671875,6407.7197265625,600,2687592411372870805,1
714,Jesus_Roberts,11042,33,-58156.81640625,20518.23046875,501.6933288574219,600,2687592411372870805,1
715,Michelle_Rogers,11042,33,-37242.62109375,-55816.9921875,2359.888916015625,600,2687592411372870805,1
716,Jesus_Roberts,11042,33,-58157.3515625,20487.466796875,492.7064208984375,600,2687592411372870805,1
717,Richard_Johnson,11042,33,34760.28515625,56256.05078125,6414.814453125,600,2687592411372870805,1
718,Jesus_Roberts,11044,30,-58158.375,20456.716796875,484.28314208984375,600,2687592411372870805,1
719,Michelle_Rogers,11044,30,-37242.15625,-55781.73046875,2360.888427734375,600,2687592411372870805,1
720,Jesus_Roberts,11044,30,-58159.7421875,20425.978515625,475.8888854980469,600,2687592411372870805,1
721,Jesus_Roberts,11046,31,-58160.51953125,20410.615234375,471.7001037597656,600,2687592411372870805,1
722,Michelle_Rogers,11046,31,-37241.625,-55744.6640625,2358.533447265625,600,2687592411372870805,1
723,Richard_Johnson,11046,31,34715.8984375,56280.11328125,6423.63916015625,600,2687592411372870805,1
724,Jesus_Roberts,11046,31,-58162.21484375,20379.89453125,463.3349914550781,600,2687592411372870805,1
725,Jesus_Roberts,11048,30,-58164.046875,20349.181640625,454.9822082519531,600,2687592411372870805,1
726,Michelle_Rogers,11048,30,-37240.93359375,-55698.375,2356.186279296875,600,2687592411372870805,1
727,Richard_Johnson,11048,30,34680.23828125,56302.3359375,6431.171875,600,2687592411372870805,1
728,Jesus_Roberts,11048,30,-58165.97265625,20318.474609375,446.8713684082031,600,2687592411372870805,1
729,Jesus_Roberts,11050,30,-58167.96484375,20287.771484375,439.92724609375,600,2687592411372870805,1
730,Michelle_Rogers,11050,30,-37240.40625,-55663.83984375,2354.43359375,600,2687592411372870805,1
731,Richard_Johnson,11050,30,34638.59375,56334.03515625,6441.1357421875,600,2687592411372870805,1
732,Jesus_Roberts,11050,30,-58170.0078125,20257.072265625,434.2563171386719,600,2687592411372870805,1
733,Jesus_Roberts,11052,31,-58172.08203125,20226.375,428.5861511230469,600,2687592411372870805,1
734,Michelle_Rogers,11052,31,-37239.875,-55629.28515625,2352.6796875,600,2687592411372870805,1
735,Jesus_Roberts,11052,31,-58174.1640625,20195.6796875,425.243408203125,600,2687592411372870805,1
736,Richard_Johnson,11052,31,34602.484375,56370.625,6449.82666015625,600,2687592411372870805,1
737,Jesus_Roberts,11054,31,-58175.19140625,20180.330078125,423.91265869140625,600,2687592411372870805,1
738,Michelle_Rogers,11054,31,-37239.16796875,-55583.3359375,2350.34765625,600,2687592411372870805,1
739,Jesus_Roberts,11054,31,-58177.17578125,20149.625,421.2460632324219,600,2687592411372870805,1
740,Jesus_Roberts,11056,30,-58178.94921875,20118.908203125,418.0325927734375,600,2687592411372870805,1
741,Michelle_Rogers,11056,30,-37238.58984375,-55546.0859375,2348.456787109375,600,2687592411372870805,1
742,Richard_Johnson,11056,30,34568.921875,56411.91796875,6459.6083984375,600,2687592411372870805,1
743,Jesus_Roberts,11056,30,-58180.26953125,20088.169921875,417.82318115234375,600,2687592411372870805,1
744,Jesus_Roberts,11058,30,-58180.84375,20057.408203125,419.6977844238281,600,2687592411372870805,1
745,Michelle_Rogers,11058,30,-37238.04296875,-55510.65234375,2366.86328125,600,2687592411372870805,1
746,Richard_Johnson,11058,30,34541.19921875,56450.390625,6469.6572265625,600,2687592411372870805,1
747,Jesus_Roberts,11058,30,-58180.40625,20026.646484375,422.0783996582031,600,2687592411372870805,1
748,Jesus_Roberts,11060,30,-58178.75390625,19995.92578125,424.9129943847656,600,2687592411372870805,1
749,Michelle_Rogers,11060,30,-37237.45703125,-55472.99609375,2393.848876953125,600,2687592411372870805,1
750,Jesus_Roberts,11060,30,-58175.80859375,19965.30078125,430.0351257324219,600,2687592411372870805,1
751,Richard_Johnson,11060,30,34515.265625,56491.83984375,6474.4287109375,600,2687592411372870805,1
752,Jesus_Roberts,11062,31,-58173.875,19950.0390625,432.5669250488281,600,2687592411372870805,1
753,Michelle_Rogers,11062,31,-37236.765625,-55431.265625,2421.782470703125,600,2687592411372870805,1
754,Jesus_Roberts,11062,31,-58169.234375,19919.625,437.5767822265625,600,2687592411372870805,1
755,Lori_Ross,11062,31,62372.55078125,11241.306640625,3172.47265625,600,2687592411372870805,1
756,Richard_Johnson,11062,31,34509.95703125,56500.5703125,6474.84033203125,600,2687592411372870805,1
757,Jesus_Roberts,11064,31,-58165.671875,19889.11328125,442.9158935546875,600,2687592411372870805,1
758,Lori_Ross,11064,31,62372.55078125,11241.306640625,3172.47265625,600,2687592411372870805,1
759,Michelle_Rogers,11064,31,-37235.84375,-55391.19140625,2446.912841796875,600,2687592411372870805,1
760,Jesus_Roberts,11064,31,-58168.01171875,19858.458984375,451.1144714355469,600,2687592411372870805,1
761,Jesus_Roberts,11066,31,-58174.515625,19828.400390625,459.5854187011719,600,2687592411372870805,1
762,Lori_Ross,11066,31,62372.55078125,11241.306640625,3172.47265625,600,2687592411372870805,1
763,Michelle_Rogers,11066,31,-37234.44921875,-55351.09375,2469.888671875,600,2687592411372870805,1
764,Richard_Johnson,11066,31,34509.95703125,56500.5703125,6474.84033203125,600,2687592411372870805,1
765,Jesus_Roberts,11066,31,-58183.8046875,19799.072265625,467.9698181152344,600,2687592411372870805,1
766,Jesus_Roberts,11068,31,-58194.8828125,19770.37109375,477.3488464355469,600,2687592411372870805,1
767,Lori_Ross,11068,31,62372.55078125,11241.306640625,3172.47265625,600,2687592411372870805,1
768,Michelle_Rogers,11068,31,-37232.5703125,-55312.015625,2489.656005859375,600,2687592411372870805,1
769,Richard_Johnson,11068,31,34509.95703125,56500.5703125,6474.84033203125,600,2687592411372870805,1
770,Jesus_Roberts,11068,31,-58207.07421875,19742.123046875,487.9356384277344,600,2687592411372870805,1
771,Jesus_Roberts,11070,31,-58213.4453125,19728.12109375,492.8674011230469,600,2687592411372870805,1
772,Michelle_Rogers,11070,31,-37230.25390625,-55273.22265625,2506.136474609375,600,2687592411372870805,1
773,Jesus_Roberts,11070,31,-58221.4921875,19698.462890625,502.75372314453125,600,2687592411372870805,1
774,Lori_Ross,11070,31,62372.55078125,11241.306640625,3172.47265625,600,2687592411372870805,1
775,Richard_Johnson,11070,31,34509.95703125,56500.5703125,6474.84033203125,600,2687592411372870805,1
776,Jesus_Roberts,11072,31,-58224.51171875,19667.861328125,512.8134155273438,600,2687592411372870805,1
777,Lori_Ross,11072,31,62374.95703125,11237.0126953125,3172.02685546875,600,2687592411372870805,1
778,Michelle_Rogers,11072,31,-37227.6328125,-55235.4609375,2518.57763671875,600,2687592411372870805,1
779,Jesus_Roberts,11072,31,-58223.87109375,19637.111328125,522.824951171875,600,2687592411372870805,1
780,Richard_Johnson,11072,31,34509.95703125,56500.5703125,6474.84033203125,600,2687592411372870805,1
781,Jesus_Roberts,11074,31,-58220.6484375,19606.51953125,532.7163696289062,600,2687592411372870805,1
782,Lori_Ross,11074,31,62392.03125,11233.8662109375,3171.633544921875,600,2687592411372870805,1
783,Michelle_Rogers,11074,31,-37224.7109375,-55197.63671875,2526.904052734375,600,2687592411372870805,1
784,Jesus_Roberts,11074,31,-58215.67578125,19576.158203125,542.9405517578125,600,2687592411372870805,1
785,Richard_Johnson,11074,31,34509.95703125,56500.5703125,6474.84033203125,600,2687592411372870805,1
786,Jesus_Roberts,11076,31,-58209.7421875,19545.966796875,552.7418212890625,600,2687592411372870805,1
787,Lori_Ross,11076,31,62417.3359375,11241.8408203125,3171.61279296875,600,2687592411372870805,1
788,Michelle_Rogers,11076,31,-37222.43359375,-55158.1796875,2530.529541015625,600,2687592411372870805,1
789,Jesus_Roberts,11076,31,-58203.671875,19515.8046875,562.173828125,600,2687592411372870805,1
790,Jesus_Roberts,11078,31,-58198.19140625,19485.529296875,571.635009765625,600,2687592411372870805,1
791,Lori_Ross,11078,31,62429.93359375,11249.4345703125,3171.5498046875,600,2687592411372870805,1
792,Michelle_Rogers,11078,31,-37223.83984375,-55119.5625,2528.390625,600,2687592411372870805,1
793,Jesus_Roberts,11078,31,-58195.83984375,19470.326171875,576.3825073242188,600,2687592411372870805,1
794,Richard_Johnson,11078,31,34509.95703125,56500.5703125,6474.84033203125,600,2687592411372870805,1
795,Jesus_Roberts,11080,31,-58192.1015625,19439.7890625,585.7675170898438,600,2687592411372870805,1
796,Lori_Ross,11080,31,62457.62890625,11272.1484375,3171.618896484375,600,2687592411372870805,1
797,Michelle_Rogers,11080,31,-37228.49609375,-55081.90625,2520.111572265625,600,2687592411372870805,1
798,Jesus_Roberts,11080,31,-58189.6640625,19409.119140625,593.6319580078125,600,2687592411372870805,1
799,Richard_Johnson,11080,31,34504.71875,56508.28125,6475.40576171875,600,2687592411372870805,1
800,Jesus_Roberts,11082,31,-58188.32421875,19378.3828125,601.125,600,2687592411372870805,1
801,Lori_Ross,11082,31,62486.453125,11299.8828125,3171.22119140625,600,2687592411372870805,1
802,Michelle_Rogers,11082,31,-37236.01171875,-55044.55078125,2504.90771484375,600,2687592411372870805,1
803,Jesus_Roberts,11082,31,-58187.7578125,19347.62109375,608.4332885742188,600,2687592411372870805,1
804,Richard_Johnson,11082,31,34493.46875,56524.83984375,6476.619140625,600,2687592411372870805,1
805,Jesus_Roberts,11084,30,-58187.73828125,19316.85546875,615.5430908203125,600,2687592411372870805,1
806,Lori_Ross,11084,30,62514.55078125,11328.3544921875,3170.644775390625,600,2687592411372870805,1
807,Michelle_Rogers,11084,30,-37246.0,-54995.61328125,2473.28076171875,600,2687592411372870805,1
808,Jesus_Roberts,11084,30,-58188.09765625,19286.08984375,622.3106689453125,600,2687592411372870805,1
809,Jesus_Roberts,11086,30,-58188.09765625,19286.08984375,622.3106689453125,600,2687592411372870805,1
810,Lori_Ross,11086,30,62542.4140625,11357.0556640625,3168.209716796875,600,2687592411372870805,1
811,Michelle_Rogers,11086,30,-37251.7890625,-54957.54296875,2438.946533203125,600,2687592411372870805,1
812,Richard_Johnson,11086,30,34476.41015625,56549.94921875,6480.39013671875,600,2687592411372870805,1
813,Lori_Ross,11088,31,62556.26953125,11371.4794921875,3166.443603515625,600,2687592411372870805,1
814,Michelle_Rogers,11088,31,-37255.45703125,-54920.15234375,2419.08203125,600,2687592411372870805,1
815,Jesus_Roberts,11088,31,-58188.09765625,19286.08984375,622.3106689453125,600,2687592411372870805,1
816,Lori_Ross,11088,31,62569.87890625,11386.1376953125,3164.72216796875,600,2687592411372870805,1
817,Richard_Johnson,11088,31,34451.31640625,56586.875,6481.314453125,600,2687592411372870805,1
818,Jesus_Roberts,11090,31,-58188.09765625,19286.08984375,622.3106689453125,600,2687592411372870805,1
819,Lori_Ross,11090,31,62594.66015625,11417.5087890625,3161.885009765625,600,2687592411372870805,1
820,Michelle_Rogers,11090,31,-37255.05859375,-54880.5390625,2422.0869140625,600,2687592411372870805,1
821,Jesus_Roberts,11090,31,-58188.09765625,19286.08984375,622.3106689453125,600,2687592411372870805,1
822,Richard_Johnson,11090,31,34445.28125,56595.7578125,6480.97607421875,600,2687592411372870805,1
823,Jesus_Roberts,11092,31,-58188.09765625,19286.08984375,622.3106689453125,600,2687592411372870805,1
824,Lori_Ross,11092,31,62614.12109375,11452.431640625,3157.618408203125,600,2687592411372870805,1
825,Michelle_Rogers,11092,31,-37252.796875,-54844.640625,2424.7646484375,600,2687592411372870805,1
826,Jesus_Roberts,11092,31,-58188.09765625,19286.08984375,622.3106689453125,600,2687592411372870805,1
827,Richard_Johnson,11092,31,34445.28125,56595.7578125,6480.97607421875,600,2687592411372870805,1
828,Jesus_Roberts,11094,31,-58188.09765625,19286.08984375,622.3106689453125,600,2687592411372870805,1
829,Michelle_Rogers,11094,31,-37249.44140625,-54806.44921875,2427.424560546875,600,2687592411372870805,1
830,Jesus_Roberts,11094,31,-58188.09765625,19286.08984375,622.3106689453125,600,2687592411372870805,1
831,Lori_Ross,11094,31,62622.39453125,11470.6416015625,3155.7216796875,600,2687592411372870805,1
832,Richard_Johnson,11094,31,34445.28125,56595.7578125,6480.97607421875,600,2687592411372870805,1
833,Jesus_Roberts,11096,31,-58188.09765625,19286.08984375,622.3106689453125,600,2687592411372870805,1
834,Lori_Ross,11096,31,62637.41796875,11507.71484375,3152.18017578125,600,2687592411372870805,1
835,Michelle_Rogers,11096,31,-37245.92578125,-54771.15625,2429.352783203125,600,2687592411372870805,1
836,Jesus_Roberts,11096,31,-58188.09765625,19286.08984375,622.3106689453125,600,2687592411372870805,1
837,Jesus_Roberts,11098,31,-58188.09765625,19286.08984375,622.3106689453125,600,2687592411372870805,1
838,Lori_Ross,11098,31,62651.3671875,11545.2060546875,3146.09326171875,600,2687592411372870805,1
839,Michelle_Rogers,11098,31,-37242.2578125,-54736.2265625,2431.380126953125,600,2687592411372870805,1
840,Richard_Johnson,11098,31,34445.28125,56595.7578125,6480.97607421875,600,2687592411372870805,1
841,Jesus_Roberts,11098,31,-58188.09765625,19286.08984375,622.3106689453125,600,2687592411372870805,1
842,Lori_Ross,11100,31,62658.94921875,11566.1533203125,3142.513916015625,600,2687592411372870805,1
843,Michelle_Rogers,11100,31,-37238.24609375,-54699.94921875,2433.2373046875,600,2687592411372870805,1
844,Richard_Johnson,11100,31,34445.28125,56595.7578125,6480.97607421875,600,2687592411372870805,1
845,Lori_Ross,11100,31,62667.23828125,11589.291015625,3138.577880859375,600,2687592411372870805,1
846,Lori_Ross,11102,32,62681.2734375,11610.052734375,3133.798828125,600,2687592411372870805,1
847,Michelle_Rogers,11102,32,-37239.47265625,-54664.484375,2435.77685546875,600,2687592411372870805,1
848,Lori_Ross,11102,32,62699.6484375,11629.146484375,3128.697265625,600,2687592411372870805,1
849,Richard_Johnson,11102,32,34439.5625,56604.6875,6480.55029296875,600,2687592411372870805,1
850,Lori_Ross,11104,31,62721.55078125,11647.1826171875,3122.474853515625,600,2687592411372870805,1
851,Michelle_Rogers,11104,31,-37256.734375,-54621.39453125,2439.875244140625,600,2687592411372870805,1
852,Lori_Ross,11104,31,62746.24609375,11664.48828125,3113.581298828125,600,2687592411372870805,1
853,Lori_Ross,11106,30,62771.8125,11680.478515625,3107.759765625,600,2687592411372870805,1
854,Michelle_Rogers,11106,30,-37273.08203125,-54590.7578125,2443.139404296875,600,2687592411372870805,1
855,Richard_Johnson,11106,30,34429.58984375,56620.734375,6479.6416015625,600,2687592411372870805,1
856,Lori_Ross,11106,30,62797.93359375,11695.544921875,3101.365966796875,600,2687592411372870805,1
857,Lori_Ross,11108,31,62824.4140625,11709.970703125,3094.435302734375,600,2687592411372870805,1
858,Michelle_Rogers,11108,31,-37281.0859375,-54556.7265625,2448.510009765625,600,2687592411372870805,1
859,Richard_Johnson,11108,31,34429.765625,56621.57421875,6479.5087890625,600,2687592411372870805,1
860,Lori_Ross,11108,31,62851.1328125,11723.9541015625,3087.484375,600,2687592411372870805,1
861,Lori_Ross,11110,30,62878.0078125,11737.6337890625,3079.737060546875,600,2687592411372870805,1
862,Michelle_Rogers,11110,30,-37283.0390625,-54521.97265625,2457.8173828125,600,2687592411372870805,1
863,Richard_Johnson,11110,30,34430.91015625,56622.3359375,6479.068359375,600,2687592411372870805,1
864,Lori_Ross,11112,31,62932.0390625,11764.4345703125,3062.290771484375,600,2687592411372870805,1
865,Michelle_Rogers,11112,31,-37282.015625,-54487.35546875,2465.239013671875,600,2687592411372870805,1
866,Richard_Johnson,11112,31,34430.91015625,56622.3359375,6479.068359375,600,2687592411372870805,1
867,Lori_Ross,11114,31,62959.13671875,11777.666015625,3053.253173828125,600,2687592411372870805,1
868,Michelle_Rogers,11114,31,-37278.5078125,-54440.953125,2477.488037109375,600,2687592411372870805,1
869,Lori_Ross,11114,31,62986.265625,11790.8310546875,3044.2158203125,600,2687592411372870805,1
870,Richard_Johnson,11114,31,34430.91015625,56622.3359375,6479.068359375,600,2687592411372870805,1
871,Lori_Ross,11115,39,63013.4296875,11803.9267578125,3032.865234375,600,2687592411372870805,1
872,Michelle_Rogers,11115,39,-37276.34765625,-54417.796875,2483.175537109375,600,2687592411372870805,1
873,Lori_Ross,11117,31,63040.6328125,11816.94140625,3020.14306640625,600,2687592411372870805,1
874,Michelle_Rogers,11117,31,-37277.28515625,-54393.14453125,2484.719482421875,600,2687592411372870805,1
875,Lori_Ross,11117,31,63067.8984375,11829.822265625,3008.07763671875,600,2687592411372870805,1
876,Richard_Johnson,11117,31,34430.91015625,56622.3359375,6479.068359375,600,2687592411372870805,1
877,Lori_Ross,11119,31,63095.21484375,11842.599609375,2996.674560546875,600,2687592411372870805,1
878,Michelle_Rogers,11119,31,-37288.7890625,-54357.8046875,2486.5234375,600,2687592411372870805,1
879,Lori_Ross,11119,31,63122.5625,11855.3056640625,2984.701904296875,600,2687592411372870805,1
880,Lori_Ross,11121,31,63149.93359375,11867.9638671875,2973.875244140625,600,2687592411372870805,1
881,Michelle_Rogers,11121,31,-37305.91015625,-54322.5859375,2487.453369140625,600,2687592411372870805,1
882,Richard_Johnson,11121,31,34430.91015625,56622.3359375,6479.068359375,600,2687592411372870805,1
883,Lori_Ross,11121,31,63177.3671875,11880.482421875,2963.5595703125,600,2687592411372870805,1
884,Lori_Ross,11123,31,63204.859375,11892.8701171875,2953.751220703125,600,2687592411372870805,1
885,Michelle_Rogers,11123,31,-37323.89453125,-54286.05078125,2488.410400390625,600,2687592411372870805,1
886,Lori_Ross,11123,31,63232.39453125,11905.1689453125,2944.583740234375,600,2687592411372870805,1
887,Richard_Johnson,11123,31,34430.91015625,56622.3359375,6479.068359375,600,2687592411372870805,1
888,Michelle_Rogers,11125,32,-37329.61328125,-54273.5234375,2488.754638671875,600,2687592411372870805,1
889,Lori_Ross,11125,32,63283.78515625,11935.8876953125,2925.630126953125,600,2687592411372870805,1
890,Michelle_Rogers,11125,32,-37339.9921875,-54249.42578125,2489.031982421875,600,2687592411372870805,1
891,Lori_Ross,11127,31,63304.15625,11958.12109375,2917.17626953125,600,2687592411372870805,1
892,Michelle_Rogers,11127,31,-37350.69921875,-54222.9921875,2489.317626953125,600,2687592411372870805,1
893,Lori_Ross,11129,31,63321.859375,11982.5341796875,2910.55908203125,600,2687592411372870805,1
894,Michelle_Rogers,11129,31,-37364.9609375,-54186.3203125,2489.8662109375,600,2687592411372870805,1
895,Lori_Ross,11129,31,63337.62890625,12008.23828125,2903.674560546875,600,2687592411372870805,1
896,Lori_Ross,11131,30,63352.08203125,12034.705078125,2896.943603515625,600,2687592411372870805,1
897,Michelle_Rogers,11131,30,-37375.15234375,-54149.2265625,2490.498046875,600,2687592411372870805,1
898,Lori_Ross,11131,30,63365.671875,12061.6259765625,2889.8515625,600,2687592411372870805,1
899,Lori_Ross,11133,30,63378.7421875,12088.8017578125,2883.0439453125,600,2687592411372870805,1
900,Michelle_Rogers,11133,30,-37371.5,-54107.015625,2492.493896484375,600,2687592411372870805,1
901,Richard_Johnson,11133,30,34430.91015625,56622.3359375,6479.068359375,600,2687592411372870805,1
902,Lori_Ross,11133,30,63391.546875,12116.1044921875,2876.26904296875,600,2687592411372870805,1
903,Lori_Ross,11135,31,63404.234375,12143.4609375,2870.198486328125,600,2687592411372870805,1
904,Michelle_Rogers,11135,31,-37358.37109375,-54058.4296875,2496.3310546875,600,2687592411372870805,1
905,Lori_Ross,11135,31,63416.921875,12170.8173828125,2864.372314453125,600,2687592411372870805,1
906,Lori_Ross,11137,31,63429.74609375,12198.1103515625,2858.315185546875,600,2687592411372870805,1
907,Michelle_Rogers,11137,31,-37338.9609375,-54004.875,2501.65283203125,600,2687592411372870805,1
908,Lori_Ross,11137,31,63442.84375,12225.2724609375,2853.07861328125,600,2687592411372870805,1
909,Michelle_Rogers,11139,31,-37324.71484375,-53969.640625,2508.3271484375,600,2687592411372870805,1
910,Lori_Ross,11139,31,63470.4765625,12278.8779296875,2843.889892578125,600,2687592411372870805,1
911,Michelle_Rogers,11139,31,-37317.921875,-53951.13671875,2511.63720703125,600,2687592411372870805,1
912,Lori_Ross,11141,30,63485.27734375,12305.1513671875,2839.123046875,600,2687592411372870805,1
913,Michelle_Rogers,11141,30,-37313.58203125,-53893.67578125,2511.589599609375,600,2687592411372870805,1
914,Lori_Ross,11141,30,63500.84765625,12330.9755859375,2835.5322265625,600,2687592411372870805,1
915,Michelle_Rogers,11143,31,-37318.21484375,-53854.85546875,2508.372314453125,600,2687592411372870805,1
916,Lori_Ross,11143,31,63534.2578125,12381.1806640625,2827.261474609375,600,2687592411372870805,1
917,Michelle_Rogers,11143,31,-37322.109375,-53834.89453125,2506.408935546875,600,2687592411372870805,1
918,Michelle_Rogers,11145,31,-37326.78125,-53814.86328125,2503.782470703125,600,2687592411372870805,1
919,Lori_Ross,11145,31,63552.0234375,12405.5478515625,2823.48583984375,600,2687592411372870805,1
920,Michelle_Rogers,11145,31,-37337.328125,-53776.37890625,2492.1845703125,600,2687592411372870805,1
921,Lori_Ross,11147,31,63570.49609375,12429.384765625,2819.18701171875,600,2687592411372870805,1
922,Michelle_Rogers,11147,31,-37354.64453125,-53721.66796875,2469.815185546875,600,2687592411372870805,1
923,Lori_Ross,11147,31,63589.60546875,12452.712890625,2814.182861328125,600,2687592411372870805,1
924,Lori_Ross,11149,31,63609.15234375,12475.6767578125,2809.469482421875,600,2687592411372870805,1
925,Michelle_Rogers,11149,31,-37373.40234375,-53667.1875,2461.4775390625,600,2687592411372870805,1
926,Lori_Ross,11149,31,63628.9921875,12498.3876953125,2804.44482421875,600,2687592411372870805,1
927,Lori_Ross,11151,30,63649.0859375,12520.9853515625,2798.831298828125,600,2687592411372870805,1
928,Michelle_Rogers,11151,30,-37386.078125,-53631.6328125,2460.23876953125,600,2687592411372870805,1
929,Lori_Ross,11151,30,63669.2578125,12543.400390625,2793.203125,600,2687592411372870805,1
930,Lori_Ross,11153,31,63689.51953125,12565.7333984375,2788.18896484375,600,2687592411372870805,1
931,Michelle_Rogers,11153,31,-37406.69921875,-53574.78515625,2458.961669921875,600,2687592411372870805,1
932,Lori_Ross,11153,31,63709.84375,12588.0107421875,2782.503662109375,600,2687592411372870805,1
933,Lori_Ross,11155,32,63730.2109375,12610.25,2776.806640625,600,2687592411372870805,1
934,Michelle_Rogers,11155,32,-37426.58203125,-53520.49609375,2457.236572265625,600,2687592411372870805,1
935,Lori_Ross,11155,32,63750.63671875,12632.4365234375,2770.76611328125,600,2687592411372870805,1
936,Lori_Ross,11157,31,63771.1640625,12654.564453125,2764.56640625,600,2687592411372870805,1
937,Michelle_Rogers,11157,31,-37447.0703125,-53464.765625,2454.774169921875,600,2687592411372870805,1
938,Lori_Ross,11157,31,63791.8046875,12676.55078125,2758.336669921875,600,2687592411372870805,1
939,Michelle_Rogers,11159,32,-37454.015625,-53445.8984375,2453.677978515625,600,2687592411372870805,1
940,Lori_Ross,11159,32,63833.50390625,12720.1240234375,2744.118896484375,600,2687592411372870805,1
941,Michelle_Rogers,11159,32,-37466.22265625,-53412.75,2451.753662109375,600,2687592411372870805,1
942,Michelle_Rogers,11161,33,-37470.78125,-53400.37890625,2451.03564453125,600,2687592411372870805,1
943,Lori_Ross,11161,33,63875.765625,12763.1494140625,2727.974365234375,600,2687592411372870805,1
944,Michelle_Rogers,11161,33,-37479.42578125,-53376.92578125,2449.676025390625,600,2687592411372870805,1
945,Michelle_Rogers,11163,31,-37483.8828125,-53364.83984375,2448.9755859375,600,2687592411372870805,1
946,Lori_Ross,11163,31,63897.2265625,12784.3330078125,2720.87353515625,600,2687592411372870805,1
947,Michelle_Rogers,11163,31,-37493.17578125,-53339.61328125,2445.834716796875,600,2687592411372870805,1
948,Jesus_Roberts,11165,31,-58187.91796875,19285.548828125,622.4396362304688,600,2687592411372870805,1
949,Lori_Ross,11165,31,63940.671875,12826.1650390625,2703.560546875,600,2687592411372870805,1
950,Michelle_Rogers,11165,31,-37506.55078125,-53303.21484375,2436.963134765625,600,2687592411372870805,1
951,Jesus_Roberts,11165,31,-58187.15234375,19282.810546875,623.08203125,600,2687592411372870805,1
952,Jesus_Roberts,11167,31,-58186.140625,19277.80859375,624.151123046875,600,2687592411372870805,1
953,Lori_Ross,11167,31,63984.4921875,12867.6064453125,2684.561767578125,600,2687592411372870805,1
954,Michelle_Rogers,11167,31,-37519.5859375,-53267.671875,2428.293212890625,600,2687592411372870805,1
955,Jesus_Roberts,11167,31,-58185.3515625,19270.515625,625.587158203125,600,2687592411372870805,1
956,Jesus_Roberts,11169,31,-58185.36328125,19260.99609375,627.408203125,600,2687592411372870805,1
957,Lori_Ross,11169,31,64028.484375,12908.8642578125,2665.731201171875,600,2687592411372870805,1
958,Michelle_Rogers,11169,31,-37533.82421875,-53228.8203125,2418.81396484375,600,2687592411372870805,1
959,Jesus_Roberts,11169,31,-58186.77734375,19249.4375,629.5473022460938,600,2687592411372870805,1
960,Jesus_Roberts,11171,31,-58190.1171875,19236.130859375,631.9219360351562,600,2687592411372870805,1
961,Lori_Ross,11171,31,64050.515625,12929.45703125,2656.469482421875,600,2687592411372870805,1
962,Michelle_Rogers,11171,31,-37545.35546875,-53197.33984375,2414.968994140625,600,2687592411372870805,1
963,Jesus_Roberts,11171,31,-58192.62890625,19228.923828125,633.171875,600,2687592411372870805,1
964,Laura_Davis,11171,31,39430.76171875,-45430.91015625,9761.359375,600,2687592411372870805,1
965,Jesus_Roberts,11173,30,-58199.5078125,19213.607421875,635.7496948242188,600,2687592411372870805,1
966,Lori_Ross,11173,30,64094.609375,12970.6044921875,2636.8955078125,600,2687592411372870805,1
967,Michelle_Rogers,11173,30,-37565.234375,-53143.046875,2406.9794921875,600,2687592411372870805,1
968,Jesus_Roberts,11173,30,-58209.01953125,19197.3515625,638.3726196289062,600,2687592411372870805,1
969,Laura_Davis,11173,30,39408.4375,-45415.859375,9753.9287109375,600,2687592411372870805,1
970,Jesus_Roberts,11175,31,-58221.2578125,19180.4140625,640.427490234375,600,2687592411372870805,1
971,Lori_Ross,11175,31,64160.796875,13032.2822265625,2601.523193359375,600,2687592411372870805,1
972,Michelle_Rogers,11175,31,-37580.6796875,-53085.3125,2397.156005859375,600,2687592411372870805,1
973,Jesus_Roberts,11175,31,-58236.19921875,19162.9296875,641.9637451171875,600,2687592411372870805,1
974,Laura_Davis,11175,31,39373.875,-45392.55859375,9742.423828125,600,2687592411372870805,1
975,Jesus_Roberts,11177,31,-58253.75,19144.912109375,643.3221435546875,600,2687592411372870805,1
976,Lori_Ross,11177,31,64182.86328125,13052.8349609375,2585.800048828125,600,2687592411372870805,1
977,Michelle_Rogers,11177,31,-37574.171875,-53019.25390625,2380.642822265625,600,2687592411372870805,1
978,Jesus_Roberts,11177,31,-58273.7734375,19126.291015625,644.529052734375,600,2687592411372870805,1
979,Jesus_Roberts,11179,31,-58296.07421875,19106.98046875,644.7805786132812,600,2687592411372870805,1
980,Lori_Ross,11179,31,64249.0703125,13114.4892578125,2531.7841796875,600,2687592411372870805,1
981,Michelle_Rogers,11179,31,-37561.76953125,-52974.3828125,2371.71875,600,2687592411372870805,1
982,Jesus_Roberts,11179,31,-58307.59765625,19097.384765625,644.8269653320312,600,2687592411372870805,1
983,Jesus_Roberts,11181,32,-58330.91796875,19078.525390625,644.826416015625,600,2687592411372870805,1
984,Michelle_Rogers,11181,32,-37546.1484375,-52930.01953125,2357.348388671875,600,2687592411372870805,1
985,Jesus_Roberts,11181,32,-58354.50390625,19059.998046875,643.7899169921875,600,2687592411372870805,1
986,Lori_Ross,11181,32,64275.4375,13129.1201171875,2508.493408203125,600,2687592411372870805,1
987,Jesus_Roberts,11183,30,-58378.2734375,19041.70703125,642.6292724609375,600,2687592411372870805,1
988,Laura_Davis,11183,30,39246.515625,-45306.69140625,9701.6845703125,600,2687592411372870805,1
989,Lori_Ross,11183,30,64333.34375,13145.6064453125,2474.109619140625,600,2687592411372870805,1
990,Michelle_Rogers,11183,30,-37528.52734375,-52885.58984375,2343.576904296875,600,2687592411372870805,1
991,Jesus_Roberts,11183,30,-58402.16796875,19023.580078125,641.6351928710938,600,2687592411372870805,1
992,Jesus_Roberts,11185,31,-58426.1484375,19005.568359375,639.07470703125,600,2687592411372870805,1
993,Lori_Ross,11185,31,64393.26953125,13152.2431640625,2458.81982421875,600,2687592411372870805,1
994,Michelle_Rogers,11185,31,-37515.625,-52855.96484375,2333.90283203125,600,2687592411372870805,1
995,Jesus_Roberts,11185,31,-58450.19140625,18987.640625,636.4873046875,600,2687592411372870805,1
996,Jesus_Roberts,11187,31,-58474.27734375,18969.76953125,633.4722900390625,600,2687592411372870805,1
997,Lori_Ross,11187,31,64453.54296875,13154.1875,2452.630126953125,600,2687592411372870805,1
998,Michelle_Rogers,11187,31,-37495.78125,-52812.171875,2317.6640625,600,2687592411372870805,1
999,Jesus_Roberts,11187,31,-58494.85546875,18948.09375,631.2991333007812,600,2687592411372870805,1
